ticket_id,age,ticket_price,movie_genre,seat_type,number_of_person,purchase_again,revenue,price_per_person,age_group,day_of_week,month,is_weekend
N4369,55,12.27,Comedy,Standard,7,0,85.89,1.752857142857143,51-65,,,0
B8091,35,19.02,Drama,Standard,1,1,19.02,19.02,18-35,,,0
V6341,55,22.52,Horror,VIP,3,0,67.56,7.506666666666667,51-65,,,0
B3243,53,23.01,Drama,Standard,6,1,138.06,3.8350000000000004,51-65,,,0
I3814,30,21.81,Comedy,VIP,4,1,87.24,5.4525,18-35,,,0
E5655,28,11.58,Horror,VIP,1,1,11.58,11.58,18-35,,,0
P1526,50,22.91,Action,Standard,1,1,22.91,22.91,36-50,,,0
V4726,44,23.09,Sci-Fi,Premium,7,1,161.63,3.2985714285714285,36-50,,,0
A2029,46,12.12,Sci-Fi,Standard,1,1,12.12,12.12,36-50,,,0
P0092,48,19.63,Action,VIP,1,1,19.63,19.63,36-50,,,0
H4037,51,21.35,Action,Standard,2,1,42.7,10.675,51-65,,,0
L2502,56,14.06,Comedy,VIP,1,0,14.06,14.06,51-65,,,0
P4991,40,16.75,Horror,VIP,6,0,100.5,2.7916666666666665,36-50,,,0
L1185,26,23.39,Drama,Premium,1,0,23.39,23.39,18-35,,,0
M6402,22,22.29,Sci-Fi,Premium,1,1,22.29,22.29,18-35,,,0
S3535,42,12.31,Horror,VIP,1,0,12.31,12.31,36-50,,,0
C1073,44,17.85,Comedy,Premium,1,0,17.85,17.85,36-50,,,0
I7517,35,21.49,Horror,VIP,2,1,42.98,10.745,18-35,,,0
Q8198,26,22.32,Comedy,VIP,5,1,111.6,4.464,18-35,,,0
E1293,54,15.68,Horror,VIP,1,1,15.68,15.68,51-65,,,0
F5223,54,16.94,Sci-Fi,Standard,1,0,16.94,16.94,51-65,,,0
U1989,39,16.24,Drama,VIP,1,0,16.24,16.24,36-50,,,0
Q7218,31,16.38,Action,Standard,1,0,16.38,16.38,18-35,,,0
J1556,23,18.21,Horror,Premium,4,0,72.84,4.5525,18-35,,,0
V9900,53,12.25,Action,VIP,1,0,12.25,12.25,51-65,,,0
S3117,43,11.64,Comedy,Standard,1,1,11.64,11.64,36-50,,,0
Q8269,21,20.46,Drama,VIP,7,0,143.22,2.922857142857143,18-35,,,0
G7166,23,10.71,Comedy,Standard,1,0,10.71,10.71,18-35,,,0
Z4432,49,18.57,Drama,VIP,1,0,18.57,18.57,36-50,,,0
T5210,37,12.67,Drama,VIP,6,1,76.02,2.111666666666667,36-50,,,0
P9720,22,11.1,Sci-Fi,Premium,2,0,22.2,5.55,18-35,,,0
E7092,24,19.56,Comedy,Premium,7,0,136.92,2.794285714285714,18-35,,,0
U5101,46,20.04,Horror,VIP,1,0,20.04,20.04,36-50,,,0
H2053,32,10.09,Sci-Fi,VIP,1,0,10.09,10.09,18-35,,,0
R0385,33,10.05,Action,Standard,1,0,10.05,10.05,18-35,,,0
T7858,60,20.22,Action,Standard,2,0,40.44,10.11,51-65,,,0
S2012,45,17.09,Action,Standard,1,1,17.09,17.09,36-50,,,0
A6397,58,15.81,Drama,Premium,5,1,79.05,3.162,51-65,,,0
D4217,20,13.39,Sci-Fi,Standard,3,0,40.17,4.463333333333334,18-35,,,0
E2087,59,22.17,Comedy,Standard,1,0,22.17,22.17,51-65,,,0
I6521,49,18.5,Comedy,VIP,7,0,129.5,2.642857142857143,36-50,,,0
K1926,59,21.2,Comedy,VIP,4,1,84.8,5.3,51-65,,,0
E4059,49,22.32,Drama,Premium,7,1,156.24,3.1885714285714286,36-50,,,0
P1743,20,17.09,Sci-Fi,VIP,1,1,17.09,17.09,18-35,,,0
N3988,52,22.39,Comedy,VIP,1,0,22.39,22.39,51-65,,,0
H2641,50,10.81,Action,Standard,1,1,10.81,10.81,36-50,,,0
R6144,29,17.75,Comedy,Standard,3,1,53.25,5.916666666666667,18-35,,,0
L2802,45,14.98,Comedy,Premium,5,0,74.9,2.996,36-50,,,0
Y3599,34,12.01,Action,Standard,1,1,12.01,12.01,18-35,,,0
H0893,57,15.86,Horror,VIP,1,0,15.86,15.86,51-65,,,0
E5484,27,24.7,Drama,Premium,7,1,172.9,3.5285714285714285,18-35,,,0
A8535,50,14.78,Sci-Fi,Premium,5,0,73.89999999999999,2.956,36-50,,,0
A1178,58,23.78,Sci-Fi,VIP,7,0,166.46,3.3971428571428572,51-65,,,0
J5739,57,13.62,Action,Premium,3,0,40.86,4.54,51-65,,,0
N7141,54,19.01,Horror,VIP,2,1,38.02,9.505,51-65,,,0
P3981,25,10.61,Comedy,Premium,1,0,10.61,10.61,18-35,,,0
I6591,57,10.41,Drama,VIP,1,0,10.41,10.41,51-65,,,0
Y2750,58,11.26,Action,VIP,1,1,11.26,11.26,51-65,,,0
X4553,52,15.56,Sci-Fi,Premium,5,0,77.8,3.112,51-65,,,0
X9468,44,22.89,Drama,Standard,1,1,22.89,22.89,36-50,,,0
E2677,44,19.74,Horror,VIP,1,1,19.74,19.74,36-50,,,0
X8764,39,18.27,Action,Premium,1,0,18.27,18.27,36-50,,,0
B2686,22,15.19,Sci-Fi,Standard,3,1,45.57,5.0633333333333335,18-35,,,0
O8372,36,23.99,Sci-Fi,VIP,1,0,23.99,23.99,36-50,,,0
K6220,31,17.56,Comedy,Standard,1,0,17.56,17.56,18-35,,,0
O6264,60,11.58,Drama,VIP,7,1,81.06,1.6542857142857144,51-65,,,0
A9435,49,17.85,Drama,Premium,1,1,17.85,17.85,36-50,,,0
N5266,48,14.04,Drama,VIP,6,0,84.24,2.34,36-50,,,0
I5016,54,21.49,Sci-Fi,Standard,7,1,150.42999999999998,3.07,51-65,,,0
U8801,38,17.67,Horror,VIP,2,0,35.34,8.835,36-50,,,0
T0054,49,22.24,Action,VIP,1,0,22.24,22.24,36-50,,,0
F1181,59,11.46,Action,Standard,1,1,11.46,11.46,51-65,,,0
N2120,25,13.05,Action,VIP,6,0,78.30000000000001,2.1750000000000003,18-35,,,0
S0813,35,14.85,Horror,Standard,1,0,14.85,14.85,18-35,,,0
O2106,58,18.95,Drama,VIP,6,0,113.69999999999999,3.158333333333333,51-65,,,0
D9856,19,17.81,Action,Premium,1,0,17.81,17.81,18-35,,,0
M1047,59,10.69,Action,Standard,6,0,64.14,1.7816666666666665,51-65,,,0
F9240,60,23.15,Action,Premium,6,0,138.89999999999998,3.858333333333333,51-65,,,0
N9075,27,18.31,Action,Premium,1,1,18.31,18.31,18-35,,,0
O3044,18,12.04,Action,Standard,6,1,72.24,2.0066666666666664,18-35,,,0
T1301,55,13.71,Comedy,Premium,1,0,13.71,13.71,51-65,,,0
E0849,23,15.44,Horror,Standard,1,1,15.44,15.44,18-35,,,0
F1619,40,13.93,Comedy,Premium,6,1,83.58,2.3216666666666668,36-50,,,0
L7684,46,24.35,Horror,VIP,6,1,146.10000000000002,4.058333333333334,36-50,,,0
N6284,53,16.47,Drama,VIP,1,1,16.47,16.47,51-65,,,0
V5427,39,23.2,Sci-Fi,VIP,1,1,23.2,23.2,36-50,,,0
M9668,22,21.73,Sci-Fi,VIP,2,1,43.46,10.865,18-35,,,0
D9591,33,10.24,Horror,Standard,1,0,10.24,10.24,18-35,,,0
O6443,35,16.33,Horror,Standard,7,1,114.30999999999999,2.3328571428571427,18-35,,,0
T2876,60,24.08,Horror,Premium,4,0,96.32,6.02,51-65,,,0
O7406,31,13.91,Comedy,Premium,1,1,13.91,13.91,18-35,,,0
P2389,26,22.97,Sci-Fi,VIP,5,1,114.85,4.593999999999999,18-35,,,0
Z3286,38,11.74,Action,Standard,6,0,70.44,1.9566666666666668,36-50,,,0
G4404,32,10.53,Drama,Standard,5,1,52.65,2.106,18-35,,,0
B3750,57,15.21,Action,Standard,1,0,15.21,15.21,51-65,,,0
T9837,45,12.86,Sci-Fi,VIP,1,1,12.86,12.86,36-50,,,0
Y7160,36,18.31,Sci-Fi,Premium,1,0,18.31,18.31,36-50,,,0
I1671,22,20.38,Drama,Premium,6,0,122.28,3.3966666666666665,18-35,,,0
A3867,40,10.69,Drama,VIP,1,1,10.69,10.69,36-50,,,0
B4428,33,10.77,Drama,VIP,6,1,64.62,1.795,18-35,,,0
K7409,40,13.93,Drama,VIP,5,1,69.65,2.786,36-50,,,0
E0326,46,13.91,Comedy,VIP,1,1,13.91,13.91,36-50,,,0
O4468,39,10.45,Drama,VIP,6,1,62.699999999999996,1.7416666666666665,36-50,,,0
P4854,41,12.47,Comedy,Premium,7,1,87.29,1.7814285714285716,36-50,,,0
R2740,26,24.51,Action,VIP,1,0,24.51,24.51,18-35,,,0
F6176,43,14.92,Action,Premium,2,0,29.84,7.46,36-50,,,0
H0290,40,14.48,Comedy,VIP,1,1,14.48,14.48,36-50,,,0
B2822,59,10.49,Action,Standard,1,0,10.49,10.49,51-65,,,0
F8301,47,21.93,Comedy,Premium,2,0,43.86,10.965,36-50,,,0
M4228,57,12.83,Sci-Fi,Premium,1,0,12.83,12.83,51-65,,,0
B8676,43,10.37,Horror,VIP,4,0,41.48,2.5925,36-50,,,0
N4818,49,23.83,Drama,VIP,7,0,166.81,3.404285714285714,36-50,,,0
E8777,34,16.5,Comedy,Standard,2,0,33.0,8.25,18-35,,,0
Q5846,20,18.39,Comedy,Premium,1,1,18.39,18.39,18-35,,,0
G7855,28,24.26,Drama,Premium,7,1,169.82000000000002,3.4657142857142857,18-35,,,0
H8293,43,20.67,Drama,Premium,6,0,124.02000000000001,3.4450000000000003,36-50,,,0
R8949,26,23.43,Drama,Standard,1,1,23.43,23.43,18-35,,,0
M9044,40,13.2,Action,VIP,2,0,26.4,6.6,36-50,,,0
F3207,23,22.99,Sci-Fi,Premium,3,1,68.97,7.663333333333333,18-35,,,0
L4232,39,10.07,Comedy,Standard,7,0,70.49000000000001,1.4385714285714286,36-50,,,0
H4073,29,18.99,Horror,Standard,6,0,113.94,3.1649999999999996,18-35,,,0
O2241,30,14.04,Comedy,Standard,3,1,42.12,4.68,18-35,,,0
B0204,47,13.75,Comedy,VIP,2,1,27.5,6.875,36-50,,,0
Z1790,55,14.98,Drama,Premium,2,1,29.96,7.49,51-65,,,0
K5294,41,16.75,Drama,VIP,1,0,16.75,16.75,36-50,,,0
Q6951,42,22.69,Sci-Fi,Premium,7,1,158.83,3.2414285714285715,36-50,,,0
H1404,56,16.03,Drama,Standard,1,1,16.03,16.03,51-65,,,0
Y5391,21,13.88,Horror,Premium,6,0,83.28,2.3133333333333335,18-35,,,0
N0170,56,20.64,Sci-Fi,VIP,1,1,20.64,20.64,51-65,,,0
L0167,52,18.81,Action,VIP,2,0,37.62,9.405,51-65,,,0
D2128,20,13.82,Drama,Standard,1,0,13.82,13.82,18-35,,,0
X8350,46,13.86,Drama,Premium,1,0,13.86,13.86,36-50,,,0
F1885,35,20.77,Action,Standard,4,1,83.08,5.1925,18-35,,,0
O3931,20,17.06,Sci-Fi,Standard,1,1,17.06,17.06,18-35,,,0
E2469,54,22.02,Horror,Standard,4,0,88.08,5.505,51-65,,,0
G5366,52,11.95,Action,Premium,4,1,47.8,2.9875,51-65,,,0
X5079,58,21.45,Sci-Fi,Premium,6,1,128.7,3.5749999999999997,51-65,,,0
V9737,21,11.94,Sci-Fi,Standard,1,1,11.94,11.94,18-35,,,0
P6431,54,22.27,Sci-Fi,Standard,1,1,22.27,22.27,51-65,,,0
G3133,33,16.85,Horror,Premium,2,0,33.7,8.425,18-35,,,0
F4095,57,21.93,Sci-Fi,Premium,2,0,43.86,10.965,51-65,,,0
Z3930,51,15.46,Drama,Premium,4,0,61.84,3.865,51-65,,,0
J2459,60,13.06,Action,Premium,1,1,13.06,13.06,51-65,,,0
Q6909,44,11.3,Action,Standard,4,1,45.2,2.825,36-50,,,0
G7472,53,19.78,Drama,Standard,3,0,59.34,6.593333333333334,51-65,,,0
Y5962,55,23.63,Sci-Fi,Premium,1,1,23.63,23.63,51-65,,,0
J4979,45,13.91,Horror,Premium,1,0,13.91,13.91,36-50,,,0
O7429,43,12.51,Drama,VIP,3,0,37.53,4.17,36-50,,,0
V3234,31,15.97,Horror,Premium,1,1,15.97,15.97,18-35,,,0
E3715,19,13.28,Action,Standard,5,1,66.39999999999999,2.6559999999999997,18-35,,,0
F2003,45,23.95,Action,VIP,1,1,23.95,23.95,36-50,,,0
H0595,36,19.3,Action,Standard,1,0,19.3,19.3,36-50,,,0
D6122,49,20.6,Horror,Standard,1,1,20.6,20.6,36-50,,,0
A5528,21,11.12,Comedy,Premium,1,0,11.12,11.12,18-35,,,0
K1997,23,22.37,Action,Premium,1,1,22.37,22.37,18-35,,,0
T5714,43,17.49,Action,Standard,1,1,17.49,17.49,36-50,,,0
R3928,53,20.62,Horror,Premium,2,1,41.24,10.31,51-65,,,0
B0786,40,18.8,Horror,Premium,4,1,75.2,4.7,36-50,,,0
T0180,34,15.62,Drama,Standard,1,0,15.62,15.62,18-35,,,0
G9726,20,13.31,Action,Standard,2,1,26.62,6.655,18-35,,,0
H2248,59,10.21,Action,Standard,5,1,51.050000000000004,2.0420000000000003,51-65,,,0
D9710,58,20.19,Horror,Premium,1,1,20.19,20.19,51-65,,,0
X8137,42,14.77,Horror,VIP,6,0,88.62,2.4616666666666664,36-50,,,0
K0842,54,19.14,Horror,Premium,1,0,19.14,19.14,51-65,,,0
G0559,18,11.88,Comedy,Premium,1,1,11.88,11.88,18-35,,,0
L4461,50,18.27,Action,Premium,5,1,91.35,3.654,36-50,,,0
L6043,22,17.66,Drama,VIP,6,1,105.96000000000001,2.9433333333333334,18-35,,,0
C6804,27,19.14,Comedy,Premium,1,1,19.14,19.14,18-35,,,0
J4301,60,15.69,Action,VIP,1,0,15.69,15.69,51-65,,,0
X2267,48,15.54,Action,VIP,7,1,108.78,2.2199999999999998,36-50,,,0
K8372,25,23.68,Drama,Premium,3,0,71.03999999999999,7.8933333333333335,18-35,,,0
L5263,20,14.97,Sci-Fi,Standard,2,0,29.94,7.485,18-35,,,0
E2573,45,10.85,Comedy,VIP,6,1,65.1,1.8083333333333333,36-50,,,0
Q4561,47,18.01,Horror,VIP,6,0,108.06,3.001666666666667,36-50,,,0
U1241,46,12.24,Horror,Premium,1,1,12.24,12.24,36-50,,,0
B3035,29,24.12,Drama,Standard,1,0,24.12,24.12,18-35,,,0
O2464,51,11.1,Sci-Fi,Standard,5,1,55.5,2.2199999999999998,51-65,,,0
M7187,59,17.76,Action,Premium,1,0,17.76,17.76,51-65,,,0
Q2909,56,22.59,Comedy,VIP,7,0,158.13,3.2271428571428573,51-65,,,0
V1725,51,14.13,Drama,Standard,1,0,14.13,14.13,51-65,,,0
O3164,50,11.26,Comedy,VIP,1,1,11.26,11.26,36-50,,,0
P6483,32,19.86,Horror,VIP,1,1,19.86,19.86,18-35,,,0
R9368,19,10.67,Drama,VIP,7,0,74.69,1.5242857142857142,18-35,,,0
Y8059,35,10.41,Comedy,VIP,1,1,10.41,10.41,18-35,,,0
W3548,40,24.38,Action,VIP,3,1,73.14,8.126666666666667,36-50,,,0
Y6242,56,21.72,Drama,VIP,7,1,152.04,3.1028571428571428,51-65,,,0
U3526,22,15.21,Drama,Standard,1,0,15.21,15.21,18-35,,,0
R4992,45,23.93,Sci-Fi,Standard,3,0,71.78999999999999,7.976666666666667,36-50,,,0
S3317,34,15.42,Sci-Fi,Premium,3,0,46.26,5.14,18-35,,,0
Q0936,30,15.47,Action,Premium,4,1,61.88,3.8675,18-35,,,0
V9885,25,14.89,Action,VIP,1,0,14.89,14.89,18-35,,,0
Y5020,43,21.19,Action,Premium,1,0,21.19,21.19,36-50,,,0
Y3205,35,17.35,Drama,VIP,1,0,17.35,17.35,18-35,,,0
M3910,18,14.6,Action,VIP,1,0,14.6,14.6,18-35,,,0
Y4885,26,16.49,Comedy,Premium,1,0,16.49,16.49,18-35,,,0
U3623,58,23.95,Drama,VIP,1,1,23.95,23.95,51-65,,,0
M9809,39,14.4,Drama,VIP,2,1,28.8,7.2,36-50,,,0
S9804,60,24.08,Comedy,Standard,1,0,24.08,24.08,51-65,,,0
H4173,54,14.83,Action,Premium,5,1,74.15,2.966,51-65,,,0
Z2710,23,20.57,Action,VIP,6,0,123.42,3.4283333333333332,18-35,,,0
T8609,40,12.96,Action,Premium,5,1,64.80000000000001,2.592,36-50,,,0
E6639,51,19.75,Horror,VIP,1,0,19.75,19.75,51-65,,,0
H3589,41,22.74,Horror,Standard,1,0,22.74,22.74,36-50,,,0
Q9783,52,16.58,Drama,Standard,3,1,49.739999999999995,5.526666666666666,51-65,,,0
F4135,28,10.48,Drama,VIP,1,0,10.48,10.48,18-35,,,0
J8589,29,24.21,Comedy,VIP,4,0,96.84,6.0525,18-35,,,0
N7617,47,17.49,Action,VIP,1,1,17.49,17.49,36-50,,,0
Z0746,27,22.72,Drama,VIP,1,0,22.72,22.72,18-35,,,0
J6767,60,19.09,Comedy,VIP,1,1,19.09,19.09,51-65,,,0
T4877,35,20.26,Horror,Standard,7,0,141.82000000000002,2.8942857142857146,18-35,,,0
Y9595,33,17.37,Action,Premium,2,0,34.74,8.685,18-35,,,0
G9552,53,21.16,Drama,Premium,1,1,21.16,21.16,51-65,,,0
X4744,38,22.71,Comedy,Premium,3,0,68.13,7.57,36-50,,,0
V1732,44,13.95,Action,Standard,1,0,13.95,13.95,36-50,,,0
X7881,43,10.38,Drama,VIP,4,1,41.52,2.595,36-50,,,0
W8501,42,20.95,Sci-Fi,Standard,4,1,83.8,5.2375,36-50,,,0
S2200,19,13.76,Action,VIP,3,0,41.28,4.586666666666667,18-35,,,0
M9231,37,16.97,Drama,Standard,1,1,16.97,16.97,36-50,,,0
O6210,32,22.32,Horror,Premium,2,1,44.64,11.16,18-35,,,0
P1716,60,10.83,Drama,Standard,1,1,10.83,10.83,51-65,,,0
A7565,27,13.63,Sci-Fi,VIP,1,1,13.63,13.63,18-35,,,0
Z7240,44,11.99,Action,Standard,1,0,11.99,11.99,36-50,,,0
G7971,42,19.11,Comedy,VIP,2,0,38.22,9.555,36-50,,,0
F0472,43,18.79,Comedy,Standard,1,0,18.79,18.79,36-50,,,0
X0583,37,14.32,Sci-Fi,Standard,1,1,14.32,14.32,36-50,,,0
S7928,20,19.27,Comedy,Premium,1,1,19.27,19.27,18-35,,,0
H1936,58,20.96,Horror,VIP,4,1,83.84,5.24,51-65,,,0
U2595,21,17.18,Sci-Fi,VIP,1,0,17.18,17.18,18-35,,,0
T1209,33,21.55,Action,Premium,6,0,129.3,3.591666666666667,18-35,,,0
K2212,45,18.95,Comedy,VIP,3,0,56.849999999999994,6.316666666666666,36-50,,,0
D9095,40,13.46,Drama,Premium,1,1,13.46,13.46,36-50,,,0
F0351,19,17.53,Horror,Standard,1,1,17.53,17.53,18-35,,,0
O9124,40,13.98,Comedy,Standard,1,0,13.98,13.98,36-50,,,0
Y7920,56,11.02,Action,Standard,1,0,11.02,11.02,51-65,,,0
U4514,41,14.63,Sci-Fi,VIP,6,0,87.78,2.4383333333333335,36-50,,,0
S9882,22,13.33,Horror,VIP,1,0,13.33,13.33,18-35,,,0
M4995,30,21.59,Drama,Premium,6,0,129.54,3.598333333333333,18-35,,,0
G8758,43,11.85,Horror,Premium,2,0,23.7,5.925,36-50,,,0
C5723,28,12.4,Drama,Premium,6,1,74.4,2.066666666666667,18-35,,,0
K4923,47,12.39,Sci-Fi,Standard,1,1,12.39,12.39,36-50,,,0
Y6380,27,16.48,Action,Standard,1,0,16.48,16.48,18-35,,,0
Y8012,21,19.43,Action,Premium,1,1,19.43,19.43,18-35,,,0
L7500,41,16.66,Sci-Fi,Standard,6,0,99.96000000000001,2.776666666666667,36-50,,,0
I4283,54,20.89,Drama,Standard,3,0,62.67,6.963333333333334,51-65,,,0
L1983,24,20.24,Sci-Fi,VIP,5,0,101.19999999999999,4.048,18-35,,,0
B7349,40,10.81,Horror,Premium,7,0,75.67,1.5442857142857143,36-50,,,0
P0451,47,18.13,Horror,Premium,1,1,18.13,18.13,36-50,,,0
J3938,51,17.26,Comedy,VIP,5,1,86.30000000000001,3.4520000000000004,51-65,,,0
Z8035,54,21.41,Horror,Standard,1,1,21.41,21.41,51-65,,,0
C6483,56,16.33,Drama,VIP,6,1,97.97999999999999,2.7216666666666662,51-65,,,0
X0045,22,20.16,Action,VIP,2,0,40.32,10.08,18-35,,,0
S5454,56,23.59,Horror,Standard,1,1,23.59,23.59,51-65,,,0
V8216,27,14.83,Comedy,Standard,1,0,14.83,14.83,18-35,,,0
C4419,48,13.01,Drama,VIP,4,0,52.04,3.2525,36-50,,,0
R9005,54,11.23,Action,VIP,6,0,67.38,1.8716666666666668,51-65,,,0
W3785,40,23.41,Horror,VIP,7,0,163.87,3.3442857142857143,36-50,,,0
A5307,45,21.46,Comedy,Standard,6,0,128.76,3.5766666666666667,36-50,,,0
U1538,59,21.94,Horror,Standard,5,1,109.7,4.388,51-65,,,0
P9720,43,10.91,Action,Standard,1,1,10.91,10.91,36-50,,,0
O2737,55,11.97,Comedy,VIP,6,0,71.82000000000001,1.995,51-65,,,0
Q9149,60,23.13,Horror,VIP,1,1,23.13,23.13,51-65,,,0
I2866,49,21.91,Horror,Premium,5,0,109.55,4.382,36-50,,,0
Z0663,51,19.13,Horror,VIP,2,0,38.26,9.565,51-65,,,0
N9718,48,14.02,Horror,VIP,1,1,14.02,14.02,36-50,,,0
B8006,52,16.35,Comedy,VIP,6,0,98.10000000000001,2.725,51-65,,,0
I5327,22,20.66,Sci-Fi,Standard,1,1,20.66,20.66,18-35,,,0
L5541,45,22.54,Sci-Fi,Standard,5,0,112.69999999999999,4.508,36-50,,,0
X2102,41,14.41,Comedy,VIP,1,0,14.41,14.41,36-50,,,0
Z4756,21,12.4,Drama,Standard,7,1,86.8,1.7714285714285716,18-35,,,0
U1070,37,18.8,Horror,Premium,1,0,18.8,18.8,36-50,,,0
H9188,38,13.73,Sci-Fi,Standard,3,1,41.19,4.576666666666667,36-50,,,0
D5033,25,10.41,Sci-Fi,Premium,1,1,10.41,10.41,18-35,,,0
R3941,42,22.41,Action,Premium,6,0,134.46,3.735,36-50,,,0
M2787,43,15.92,Sci-Fi,VIP,3,0,47.76,5.306666666666667,36-50,,,0
Z3492,36,23.72,Action,VIP,4,1,94.88,5.93,36-50,,,0
D8428,19,12.09,Horror,Premium,1,0,12.09,12.09,18-35,,,0
T6734,36,15.17,Drama,VIP,3,1,45.51,5.056666666666667,36-50,,,0
X5538,21,14.99,Drama,Premium,7,0,104.93,2.1414285714285715,18-35,,,0
A5566,54,22.72,Comedy,Premium,4,0,90.88,5.68,51-65,,,0
B1663,47,15.16,Drama,Standard,1,1,15.16,15.16,36-50,,,0
M4304,53,20.01,Sci-Fi,Standard,1,1,20.01,20.01,51-65,,,0
Z1944,22,21.52,Horror,Standard,5,1,107.6,4.304,18-35,,,0
Q1502,22,14.95,Sci-Fi,VIP,5,0,74.75,2.9899999999999998,18-35,,,0
J8101,52,13.9,Action,VIP,1,1,13.9,13.9,51-65,,,0
R4219,54,17.6,Comedy,VIP,6,1,105.60000000000001,2.9333333333333336,51-65,,,0
R0307,40,10.06,Drama,VIP,2,1,20.12,5.03,36-50,,,0
Y0899,59,22.85,Drama,Standard,1,1,22.85,22.85,51-65,,,0
B3335,31,22.23,Action,VIP,1,0,22.23,22.23,18-35,,,0
Y7896,50,10.1,Horror,VIP,1,0,10.1,10.1,36-50,,,0
K7716,27,22.68,Horror,VIP,1,0,22.68,22.68,18-35,,,0
H7411,39,23.0,Sci-Fi,Standard,1,0,23.0,23.0,36-50,,,0
V4466,56,20.16,Sci-Fi,Standard,1,0,20.16,20.16,51-65,,,0
I0732,52,14.37,Drama,Premium,1,1,14.37,14.37,51-65,,,0
K5903,36,18.0,Horror,VIP,4,0,72.0,4.5,36-50,,,0
R9300,34,17.9,Comedy,VIP,3,0,53.699999999999996,5.966666666666666,18-35,,,0
Y1327,23,19.44,Sci-Fi,Premium,1,0,19.44,19.44,18-35,,,0
W2948,34,19.64,Horror,Standard,1,0,19.64,19.64,18-35,,,0
M9787,39,24.65,Sci-Fi,Standard,5,0,123.25,4.93,36-50,,,0
G3600,58,11.94,Horror,Premium,3,0,35.82,3.98,51-65,,,0
M3870,18,10.6,Comedy,Standard,1,0,10.6,10.6,18-35,,,0
F7288,60,15.39,Drama,VIP,1,0,15.39,15.39,51-65,,,0
G9465,40,23.56,Action,VIP,6,0,141.35999999999999,3.9266666666666663,36-50,,,0
U2868,43,18.7,Comedy,Premium,4,0,74.8,4.675,36-50,,,0
T5208,22,23.75,Action,Premium,1,0,23.75,23.75,18-35,,,0
W4817,21,14.36,Sci-Fi,Standard,1,1,14.36,14.36,18-35,,,0
G5771,42,11.49,Drama,Standard,3,0,34.47,3.83,36-50,,,0
E3613,46,11.5,Action,VIP,7,0,80.5,1.6428571428571428,36-50,,,0
H7914,38,10.68,Action,Premium,1,1,10.68,10.68,36-50,,,0
R8886,34,22.99,Comedy,Standard,7,0,160.92999999999998,3.2842857142857143,18-35,,,0
A4304,49,13.59,Action,Premium,1,1,13.59,13.59,36-50,,,0
T4531,23,17.07,Horror,Premium,1,0,17.07,17.07,18-35,,,0
X7448,55,24.76,Action,Standard,3,1,74.28,8.253333333333334,51-65,,,0
Q3075,23,15.8,Sci-Fi,VIP,1,0,15.8,15.8,18-35,,,0
E5507,51,23.81,Sci-Fi,VIP,3,0,71.42999999999999,7.9366666666666665,51-65,,,0
A7562,26,24.82,Comedy,Standard,4,0,99.28,6.205,18-35,,,0
U6249,31,10.34,Action,Premium,7,0,72.38,1.477142857142857,18-35,,,0
X7898,56,18.98,Horror,VIP,7,0,132.86,2.7114285714285713,51-65,,,0
M6955,47,16.37,Horror,Premium,1,1,16.37,16.37,36-50,,,0
S1872,26,24.33,Horror,Standard,1,1,24.33,24.33,18-35,,,0
R3505,42,23.03,Horror,Standard,3,1,69.09,7.676666666666667,36-50,,,0
Y2711,29,13.42,Action,Standard,1,1,13.42,13.42,18-35,,,0
J7159,53,13.06,Comedy,Standard,4,1,52.24,3.265,51-65,,,0
M9467,23,10.01,Action,Premium,4,1,40.04,2.5025,18-35,,,0
N4655,59,19.89,Action,VIP,5,0,99.45,3.978,51-65,,,0
M9022,34,24.17,Action,Premium,6,1,145.02,4.028333333333333,18-35,,,0
H1997,32,13.14,Comedy,VIP,1,0,13.14,13.14,18-35,,,0
R3056,39,19.95,Horror,Standard,1,1,19.95,19.95,36-50,,,0
V4937,38,22.48,Sci-Fi,VIP,1,0,22.48,22.48,36-50,,,0
S7251,42,14.26,Horror,VIP,4,1,57.04,3.565,36-50,,,0
R5976,33,19.09,Comedy,Premium,5,1,95.45,3.818,18-35,,,0
F1526,33,19.49,Drama,Standard,1,1,19.49,19.49,18-35,,,0
Z2440,37,22.52,Sci-Fi,Standard,6,1,135.12,3.7533333333333334,36-50,,,0
B4636,45,15.43,Drama,VIP,4,1,61.72,3.8575,36-50,,,0
W7032,28,14.31,Drama,Standard,7,0,100.17,2.0442857142857145,18-35,,,0
P8545,47,14.69,Drama,Premium,6,1,88.14,2.4483333333333333,36-50,,,0
E8060,38,12.29,Drama,Premium,5,0,61.449999999999996,2.4579999999999997,36-50,,,0
I5706,58,20.08,Comedy,Premium,1,0,20.08,20.08,51-65,,,0
I9952,44,16.54,Action,Premium,3,0,49.62,5.513333333333333,36-50,,,0
F4653,51,22.32,Action,VIP,2,0,44.64,11.16,51-65,,,0
M5646,60,10.4,Comedy,Standard,4,0,41.6,2.6,51-65,,,0
P2752,49,12.6,Comedy,Premium,1,1,12.6,12.6,36-50,,,0
X3029,33,17.05,Comedy,Standard,1,1,17.05,17.05,18-35,,,0
P0690,25,17.8,Action,VIP,1,0,17.8,17.8,18-35,,,0
G4541,53,10.42,Horror,Standard,1,0,10.42,10.42,51-65,,,0
R1080,21,20.2,Drama,Standard,7,1,141.4,2.8857142857142857,18-35,,,0
N5074,29,23.93,Sci-Fi,VIP,1,1,23.93,23.93,18-35,,,0
Q8760,19,17.34,Drama,Premium,3,0,52.019999999999996,5.78,18-35,,,0
L2393,23,22.33,Comedy,Premium,1,1,22.33,22.33,18-35,,,0
S6507,21,19.1,Sci-Fi,Standard,1,1,19.1,19.1,18-35,,,0
Z9614,47,24.86,Action,Standard,6,0,149.16,4.1433333333333335,36-50,,,0
U5154,55,22.38,Drama,Standard,1,1,22.38,22.38,51-65,,,0
C1641,31,19.31,Action,Standard,7,1,135.17,2.7585714285714285,18-35,,,0
B0694,21,15.57,Action,Premium,5,0,77.85,3.114,18-35,,,0
U3427,51,11.93,Horror,Standard,1,0,11.93,11.93,51-65,,,0
Y4232,55,14.86,Sci-Fi,Standard,4,0,59.44,3.715,51-65,,,0
L1895,29,13.11,Sci-Fi,Standard,6,0,78.66,2.185,18-35,,,0
C4173,40,17.28,Horror,VIP,1,0,17.28,17.28,36-50,,,0
N9701,26,19.34,Action,VIP,1,1,19.34,19.34,18-35,,,0
D1959,43,18.99,Sci-Fi,VIP,1,1,18.99,18.99,36-50,,,0
K8305,48,12.08,Comedy,VIP,3,1,36.24,4.026666666666666,36-50,,,0
D6466,27,21.99,Action,Standard,1,0,21.99,21.99,18-35,,,0
T8132,35,10.98,Comedy,Premium,1,0,10.98,10.98,18-35,,,0
K2667,24,10.2,Comedy,Standard,4,1,40.8,2.55,18-35,,,0
C8150,44,12.16,Comedy,VIP,1,1,12.16,12.16,36-50,,,0
J1563,55,23.26,Horror,Premium,1,1,23.26,23.26,51-65,,,0
X7552,52,24.27,Horror,Premium,3,0,72.81,8.09,51-65,,,0
M4546,57,11.68,Drama,Standard,1,1,11.68,11.68,51-65,,,0
J0855,22,22.22,Drama,Standard,5,0,111.1,4.444,18-35,,,0
G9346,35,14.6,Sci-Fi,Standard,5,0,73.0,2.92,18-35,,,0
Z3248,49,16.1,Drama,Standard,5,1,80.5,3.22,36-50,,,0
H4048,51,24.9,Comedy,Premium,4,1,99.6,6.225,51-65,,,0
U8238,53,20.95,Horror,Standard,1,0,20.95,20.95,51-65,,,0
V3617,25,13.47,Action,Premium,2,0,26.94,6.735,18-35,,,0
L3265,22,15.46,Drama,VIP,1,1,15.46,15.46,18-35,,,0
O5299,29,17.19,Sci-Fi,Premium,7,1,120.33000000000001,2.455714285714286,18-35,,,0
V7547,57,21.89,Horror,Premium,1,1,21.89,21.89,51-65,,,0
B5560,21,16.28,Horror,Standard,2,1,32.56,8.14,18-35,,,0
B4108,60,17.51,Horror,VIP,1,1,17.51,17.51,51-65,,,0
K1779,23,14.43,Comedy,Premium,2,1,28.86,7.215,18-35,,,0
U0585,35,12.59,Drama,Premium,2,0,25.18,6.295,18-35,,,0
H3200,52,17.31,Action,VIP,1,1,17.31,17.31,51-65,,,0
Z1729,57,20.34,Horror,VIP,4,1,81.36,5.085,51-65,,,0
V0788,54,11.49,Horror,Premium,1,1,11.49,11.49,51-65,,,0
Z7851,24,10.83,Horror,VIP,6,0,64.98,1.805,18-35,,,0
Q3782,27,11.38,Action,Premium,1,1,11.38,11.38,18-35,,,0
G4760,47,17.0,Action,Premium,6,0,102.0,2.8333333333333335,36-50,,,0
X2205,56,19.35,Drama,Standard,6,0,116.10000000000001,3.225,51-65,,,0
Z8477,52,15.07,Drama,Premium,2,1,30.14,7.535,51-65,,,0
X4895,22,18.86,Sci-Fi,Standard,5,1,94.3,3.772,18-35,,,0
Q5203,54,23.7,Horror,Premium,6,0,142.2,3.9499999999999997,51-65,,,0
K2108,34,23.48,Drama,VIP,7,1,164.36,3.3542857142857145,18-35,,,0
D3548,18,15.35,Horror,Standard,2,0,30.7,7.675,18-35,,,0
O4248,23,23.16,Action,VIP,1,0,23.16,23.16,18-35,,,0
P1627,21,20.8,Comedy,Standard,3,1,62.400000000000006,6.933333333333334,18-35,,,0
I0309,27,21.1,Drama,Premium,6,1,126.60000000000001,3.516666666666667,18-35,,,0
L6833,43,21.6,Comedy,Standard,1,0,21.6,21.6,36-50,,,0
G9872,23,24.35,Comedy,VIP,1,1,24.35,24.35,18-35,,,0
X8987,22,21.36,Comedy,VIP,7,0,149.51999999999998,3.051428571428571,18-35,,,0
T9292,32,24.97,Horror,VIP,1,0,24.97,24.97,18-35,,,0
Z8755,49,17.3,Sci-Fi,Premium,1,1,17.3,17.3,36-50,,,0
K4317,32,21.16,Action,Standard,7,1,148.12,3.0228571428571427,18-35,,,0
G5822,25,10.92,Horror,Standard,1,1,10.92,10.92,18-35,,,0
A1540,52,14.44,Drama,Standard,4,1,57.76,3.61,51-65,,,0
G4364,38,12.12,Comedy,VIP,4,0,48.48,3.03,36-50,,,0
U2950,41,17.52,Sci-Fi,VIP,4,0,70.08,4.38,36-50,,,0
G2005,50,10.04,Action,VIP,1,0,10.04,10.04,36-50,,,0
N6776,51,13.63,Drama,Premium,6,0,81.78,2.271666666666667,51-65,,,0
G5914,44,22.98,Action,Premium,1,0,22.98,22.98,36-50,,,0
U1532,21,18.32,Horror,VIP,1,1,18.32,18.32,18-35,,,0
M9147,41,20.28,Horror,Standard,1,0,20.28,20.28,36-50,,,0
G7315,38,21.31,Action,Premium,2,0,42.62,10.655,36-50,,,0
F5373,50,15.99,Sci-Fi,Premium,1,1,15.99,15.99,36-50,,,0
E4245,44,18.52,Comedy,Standard,4,0,74.08,4.63,36-50,,,0
T9628,32,10.26,Comedy,Standard,1,0,10.26,10.26,18-35,,,0
Q7033,43,21.87,Drama,Premium,1,0,21.87,21.87,36-50,,,0
D0342,27,12.12,Sci-Fi,Premium,1,0,12.12,12.12,18-35,,,0
C7811,25,12.12,Comedy,Premium,1,1,12.12,12.12,18-35,,,0
C1040,45,14.4,Horror,Standard,1,0,14.4,14.4,36-50,,,0
U6973,27,14.37,Comedy,Standard,3,1,43.11,4.79,18-35,,,0
D5713,40,19.04,Drama,Premium,1,1,19.04,19.04,36-50,,,0
N1065,51,17.67,Horror,Premium,6,0,106.02000000000001,2.9450000000000003,51-65,,,0
Q1140,39,22.14,Action,VIP,1,1,22.14,22.14,36-50,,,0
H9115,53,14.84,Drama,Premium,6,0,89.03999999999999,2.473333333333333,51-65,,,0
R5096,26,12.57,Comedy,Premium,4,0,50.28,3.1425,18-35,,,0
K4229,57,10.86,Action,Premium,1,0,10.86,10.86,51-65,,,0
T2333,33,16.93,Horror,Premium,2,1,33.86,8.465,18-35,,,0
B7099,23,20.99,Drama,Premium,1,1,20.99,20.99,18-35,,,0
W4300,57,14.89,Action,VIP,1,1,14.89,14.89,51-65,,,0
T7976,36,21.72,Horror,Premium,4,1,86.88,5.43,36-50,,,0
Y3795,50,13.83,Action,Premium,4,1,55.32,3.4575,36-50,,,0
S9225,18,20.74,Sci-Fi,Standard,1,1,20.74,20.74,18-35,,,0
A2565,30,20.19,Sci-Fi,Premium,1,1,20.19,20.19,18-35,,,0
N4849,23,14.53,Sci-Fi,Premium,1,0,14.53,14.53,18-35,,,0
E0520,21,17.65,Sci-Fi,VIP,5,1,88.25,3.53,18-35,,,0
D6523,38,24.27,Horror,VIP,1,1,24.27,24.27,36-50,,,0
V9448,19,20.35,Sci-Fi,Premium,1,1,20.35,20.35,18-35,,,0
Y7647,33,14.59,Sci-Fi,Standard,3,0,43.769999999999996,4.863333333333333,18-35,,,0
Q4486,27,17.76,Comedy,Standard,3,0,53.28,5.920000000000001,18-35,,,0
N7144,26,13.46,Drama,Standard,7,1,94.22,1.922857142857143,18-35,,,0
E2517,35,18.31,Sci-Fi,VIP,6,0,109.85999999999999,3.0516666666666663,18-35,,,0
C7925,58,13.52,Comedy,VIP,3,1,40.56,4.506666666666667,51-65,,,0
I8324,53,23.5,Action,VIP,1,0,23.5,23.5,51-65,,,0
E8470,41,21.57,Drama,Premium,1,0,21.57,21.57,36-50,,,0
K6968,36,21.89,Drama,Standard,1,0,21.89,21.89,36-50,,,0
W1261,31,23.23,Sci-Fi,Standard,5,0,116.15,4.646,18-35,,,0
J0515,34,19.26,Action,Premium,1,1,19.26,19.26,18-35,,,0
M9663,32,13.1,Drama,Standard,2,1,26.2,6.55,18-35,,,0
H3987,58,13.58,Action,VIP,5,1,67.9,2.716,51-65,,,0
U3922,27,16.09,Comedy,Premium,6,0,96.53999999999999,2.6816666666666666,18-35,,,0
R1976,27,15.31,Horror,VIP,1,0,15.31,15.31,18-35,,,0
O6512,32,13.1,Sci-Fi,Premium,7,0,91.7,1.8714285714285714,18-35,,,0
G1300,42,17.28,Horror,Premium,6,1,103.68,2.8800000000000003,36-50,,,0
A8680,35,13.74,Horror,Standard,3,1,41.22,4.58,18-35,,,0
I8624,49,15.21,Horror,Premium,1,1,15.21,15.21,36-50,,,0
L3353,27,11.99,Horror,Standard,4,1,47.96,2.9975,18-35,,,0
Q3821,58,21.66,Sci-Fi,Standard,1,0,21.66,21.66,51-65,,,0
O7821,42,17.22,Horror,VIP,5,0,86.1,3.444,36-50,,,0
O6340,32,11.61,Comedy,Premium,1,0,11.61,11.61,18-35,,,0
S9743,18,21.81,Horror,VIP,1,0,21.81,21.81,18-35,,,0
S2007,22,24.3,Sci-Fi,Premium,1,1,24.3,24.3,18-35,,,0
G5084,42,23.0,Action,Standard,1,0,23.0,23.0,36-50,,,0
Y8732,32,21.93,Action,Premium,1,0,21.93,21.93,18-35,,,0
B5225,41,24.78,Horror,VIP,7,1,173.46,3.54,36-50,,,0
M2131,41,16.68,Action,Standard,1,1,16.68,16.68,36-50,,,0
A6849,28,15.12,Sci-Fi,VIP,3,0,45.36,5.04,18-35,,,0
P1578,26,11.22,Action,Standard,1,1,11.22,11.22,18-35,,,0
H6205,27,18.77,Horror,VIP,5,1,93.85,3.754,18-35,,,0
G9545,60,13.82,Horror,Standard,7,1,96.74000000000001,1.9742857142857144,51-65,,,0
Y9176,28,19.28,Drama,Standard,1,1,19.28,19.28,18-35,,,0
V8990,29,24.75,Comedy,VIP,1,0,24.75,24.75,18-35,,,0
Q3755,20,20.16,Action,VIP,1,1,20.16,20.16,18-35,,,0
G2856,45,22.28,Sci-Fi,Standard,5,0,111.4,4.456,36-50,,,0
F7597,41,10.79,Sci-Fi,VIP,7,0,75.53,1.5414285714285714,36-50,,,0
K0082,31,23.82,Comedy,Standard,1,0,23.82,23.82,18-35,,,0
C0135,20,14.5,Drama,Standard,6,0,87.0,2.4166666666666665,18-35,,,0
H4754,43,17.08,Drama,Standard,5,1,85.39999999999999,3.4159999999999995,36-50,,,0
V6465,21,11.57,Action,VIP,1,0,11.57,11.57,18-35,,,0
V5895,30,21.69,Drama,VIP,5,1,108.45,4.338,18-35,,,0
C8119,46,19.99,Comedy,Premium,1,0,19.99,19.99,36-50,,,0
I6253,53,14.99,Drama,VIP,1,0,14.99,14.99,51-65,,,0
M3668,51,14.63,Action,Premium,7,1,102.41000000000001,2.0900000000000003,51-65,,,0
P1758,28,24.3,Comedy,VIP,7,0,170.1,3.4714285714285715,18-35,,,0
X0475,18,11.5,Horror,VIP,2,1,23.0,5.75,18-35,,,0
A9027,52,19.11,Comedy,VIP,4,0,76.44,4.7775,51-65,,,0
Q9785,44,15.85,Drama,Standard,1,1,15.85,15.85,36-50,,,0
H3475,34,21.44,Sci-Fi,Premium,3,1,64.32000000000001,7.146666666666667,18-35,,,0
M2148,33,11.14,Drama,Premium,2,0,22.28,5.57,18-35,,,0
E4423,33,10.43,Horror,Standard,1,1,10.43,10.43,18-35,,,0
P4882,22,14.54,Comedy,Standard,5,1,72.69999999999999,2.908,18-35,,,0
F8549,30,15.86,Sci-Fi,VIP,1,0,15.86,15.86,18-35,,,0
A0701,47,21.43,Comedy,VIP,4,0,85.72,5.3575,36-50,,,0
Y0325,21,19.84,Horror,Premium,4,1,79.36,4.96,18-35,,,0
I8049,52,16.67,Horror,Standard,4,1,66.68,4.1675,51-65,,,0
W8712,43,22.55,Comedy,Premium,4,1,90.2,5.6375,36-50,,,0
A0309,21,24.54,Drama,Standard,5,0,122.69999999999999,4.9079999999999995,18-35,,,0
O1319,45,23.03,Sci-Fi,Premium,1,0,23.03,23.03,36-50,,,0
S5625,59,24.79,Drama,Standard,1,1,24.79,24.79,51-65,,,0
P8221,41,16.08,Action,Premium,2,0,32.16,8.04,36-50,,,0
E6974,59,17.37,Sci-Fi,VIP,6,0,104.22,2.895,51-65,,,0
N6210,33,11.42,Drama,VIP,3,0,34.26,3.8066666666666666,18-35,,,0
O7808,26,10.03,Sci-Fi,VIP,1,1,10.03,10.03,18-35,,,0
J6656,54,24.26,Horror,VIP,1,1,24.26,24.26,51-65,,,0
P6869,28,16.84,Action,Premium,1,0,16.84,16.84,18-35,,,0
A8022,44,14.89,Horror,Standard,1,0,14.89,14.89,36-50,,,0
C9977,58,24.96,Action,Standard,1,1,24.96,24.96,51-65,,,0
W0714,43,14.85,Horror,Premium,7,0,103.95,2.1214285714285714,36-50,,,0
P4039,27,17.27,Drama,Standard,1,1,17.27,17.27,18-35,,,0
A1254,32,23.14,Comedy,Premium,3,0,69.42,7.713333333333334,18-35,,,0
B8586,38,15.92,Action,Standard,1,1,15.92,15.92,36-50,,,0
U8055,56,15.2,Comedy,Premium,6,1,91.19999999999999,2.533333333333333,51-65,,,0
L0268,57,16.0,Sci-Fi,Standard,5,1,80.0,3.2,51-65,,,0
S7944,27,21.17,Action,Standard,1,1,21.17,21.17,18-35,,,0
P6902,50,13.53,Action,Standard,3,1,40.589999999999996,4.51,36-50,,,0
W7792,52,15.62,Drama,VIP,1,0,15.62,15.62,51-65,,,0
K8175,19,23.87,Horror,Standard,7,1,167.09,3.41,18-35,,,0
M6833,50,19.67,Horror,Standard,1,0,19.67,19.67,36-50,,,0
U0452,32,13.16,Drama,Standard,1,0,13.16,13.16,18-35,,,0
G3963,36,18.67,Comedy,Premium,1,1,18.67,18.67,36-50,,,0
G5089,53,16.59,Comedy,Standard,1,0,16.59,16.59,51-65,,,0
U2874,51,21.05,Comedy,Premium,1,1,21.05,21.05,51-65,,,0
B4763,39,18.61,Comedy,Standard,1,0,18.61,18.61,36-50,,,0
X3386,55,13.54,Comedy,Standard,4,1,54.16,3.385,51-65,,,0
M7876,30,16.39,Comedy,Premium,3,1,49.17,5.463333333333334,18-35,,,0
X5473,48,11.14,Sci-Fi,VIP,6,1,66.84,1.8566666666666667,36-50,,,0
R1798,47,24.93,Sci-Fi,VIP,5,1,124.65,4.986,36-50,,,0
A9193,33,17.57,Horror,VIP,2,1,35.14,8.785,18-35,,,0
T1022,24,14.5,Action,Premium,1,1,14.5,14.5,18-35,,,0
L2917,52,17.91,Sci-Fi,VIP,1,0,17.91,17.91,51-65,,,0
K3788,42,24.01,Horror,VIP,1,1,24.01,24.01,36-50,,,0
P6373,52,22.84,Horror,Standard,7,1,159.88,3.262857142857143,51-65,,,0
C5761,24,18.2,Action,Standard,1,1,18.2,18.2,18-35,,,0
S8388,36,15.19,Drama,VIP,6,1,91.14,2.5316666666666667,36-50,,,0
S7393,46,15.45,Action,Premium,2,0,30.9,7.725,36-50,,,0
D6725,45,14.17,Sci-Fi,Premium,7,0,99.19,2.0242857142857145,36-50,,,0
V6047,57,20.5,Action,Standard,1,0,20.5,20.5,51-65,,,0
U4238,28,21.67,Action,Premium,7,0,151.69,3.095714285714286,18-35,,,0
C9056,27,22.17,Comedy,VIP,1,0,22.17,22.17,18-35,,,0
L8764,20,22.32,Comedy,VIP,5,0,111.6,4.464,18-35,,,0
D2585,25,21.96,Drama,VIP,6,1,131.76,3.66,18-35,,,0
E6176,21,12.6,Horror,Standard,1,1,12.6,12.6,18-35,,,0
P9796,32,18.0,Horror,Standard,1,0,18.0,18.0,18-35,,,0
K3643,30,18.35,Comedy,VIP,7,1,128.45000000000002,2.6214285714285714,18-35,,,0
V3523,45,16.36,Action,Premium,4,0,65.44,4.09,36-50,,,0
O9883,35,11.71,Action,Premium,1,0,11.71,11.71,18-35,,,0
N2970,54,17.27,Horror,Premium,4,0,69.08,4.3175,51-65,,,0
U4102,19,18.82,Drama,VIP,1,1,18.82,18.82,18-35,,,0
Y5792,48,14.3,Drama,Standard,1,1,14.3,14.3,36-50,,,0
R7113,29,15.28,Drama,Premium,4,0,61.12,3.82,18-35,,,0
M9202,33,12.53,Horror,Standard,4,0,50.12,3.1325,18-35,,,0
D0431,44,18.79,Comedy,VIP,7,1,131.53,2.684285714285714,36-50,,,0
V4471,44,16.35,Sci-Fi,VIP,3,1,49.050000000000004,5.45,36-50,,,0
C8354,46,19.82,Sci-Fi,Premium,6,1,118.92,3.3033333333333332,36-50,,,0
M4257,39,15.54,Action,VIP,5,0,77.69999999999999,3.1079999999999997,36-50,,,0
L0821,50,23.19,Horror,Standard,3,1,69.57000000000001,7.73,36-50,,,0
T5345,22,17.21,Horror,VIP,6,1,103.26,2.8683333333333336,18-35,,,0
Y0633,27,18.28,Drama,Premium,6,0,109.68,3.046666666666667,18-35,,,0
F4455,49,10.42,Comedy,VIP,7,1,72.94,1.4885714285714287,36-50,,,0
G4467,34,14.67,Drama,Standard,1,1,14.67,14.67,18-35,,,0
U9336,18,12.86,Comedy,VIP,1,0,12.86,12.86,18-35,,,0
Y3762,31,10.46,Comedy,Standard,6,1,62.760000000000005,1.7433333333333334,18-35,,,0
L2256,24,19.83,Action,Premium,1,0,19.83,19.83,18-35,,,0
I0247,38,11.77,Action,VIP,1,1,11.77,11.77,36-50,,,0
W2915,28,16.49,Drama,Standard,5,1,82.44999999999999,3.2979999999999996,18-35,,,0
I4065,51,19.66,Comedy,Premium,1,0,19.66,19.66,51-65,,,0
N0035,28,10.62,Drama,Premium,5,1,53.099999999999994,2.1239999999999997,18-35,,,0
S6422,24,10.64,Comedy,Standard,5,1,53.2,2.128,18-35,,,0
G8325,25,13.72,Comedy,Premium,1,1,13.72,13.72,18-35,,,0
I1245,20,22.95,Horror,Premium,3,0,68.85,7.6499999999999995,18-35,,,0
T6074,42,13.78,Horror,Standard,1,0,13.78,13.78,36-50,,,0
A2431,27,11.39,Comedy,Standard,1,0,11.39,11.39,18-35,,,0
R8918,21,16.79,Comedy,Standard,5,0,83.94999999999999,3.3579999999999997,18-35,,,0
Q1565,35,19.1,Horror,Premium,1,0,19.1,19.1,18-35,,,0
X1087,38,11.85,Action,Standard,1,0,11.85,11.85,36-50,,,0
X9848,31,21.73,Horror,VIP,1,0,21.73,21.73,18-35,,,0
L3648,47,15.59,Action,Premium,5,1,77.95,3.118,36-50,,,0
P1932,24,23.84,Drama,Standard,3,1,71.52,7.946666666666666,18-35,,,0
K9302,26,19.62,Drama,Premium,1,0,19.62,19.62,18-35,,,0
W3077,30,12.5,Sci-Fi,VIP,1,1,12.5,12.5,18-35,,,0
I0125,36,15.99,Comedy,Standard,7,0,111.93,2.2842857142857143,36-50,,,0
J6626,54,14.64,Comedy,VIP,1,1,14.64,14.64,51-65,,,0
P5015,57,21.95,Action,Standard,1,1,21.95,21.95,51-65,,,0
S7385,32,23.25,Action,Premium,1,0,23.25,23.25,18-35,,,0
W0263,34,22.98,Comedy,VIP,6,1,137.88,3.83,18-35,,,0
V9507,35,10.07,Action,Premium,4,0,40.28,2.5175,18-35,,,0
B8133,49,17.0,Sci-Fi,Standard,4,0,68.0,4.25,36-50,,,0
S6701,52,19.6,Sci-Fi,Standard,5,1,98.0,3.9200000000000004,51-65,,,0
Y7433,32,19.19,Drama,VIP,1,1,19.19,19.19,18-35,,,0
R4683,50,14.45,Drama,Premium,1,1,14.45,14.45,36-50,,,0
V6833,21,16.08,Horror,VIP,1,0,16.08,16.08,18-35,,,0
H3429,40,12.5,Sci-Fi,Premium,7,1,87.5,1.7857142857142858,36-50,,,0
W1110,20,11.14,Drama,Premium,1,1,11.14,11.14,18-35,,,0
P7270,37,20.66,Horror,Premium,1,1,20.66,20.66,36-50,,,0
F9649,41,12.33,Action,Standard,3,0,36.99,4.11,36-50,,,0
N4274,51,16.05,Comedy,Standard,4,1,64.2,4.0125,51-65,,,0
F2620,45,24.54,Comedy,Standard,6,1,147.24,4.09,36-50,,,0
G5657,37,21.52,Action,Premium,1,1,21.52,21.52,36-50,,,0
K8095,36,16.39,Comedy,Standard,4,1,65.56,4.0975,36-50,,,0
R4386,31,16.48,Horror,Standard,1,0,16.48,16.48,18-35,,,0
P2426,23,23.26,Drama,Premium,2,0,46.52,11.63,18-35,,,0
J1499,33,11.8,Drama,Premium,4,1,47.2,2.95,18-35,,,0
V3059,55,12.82,Horror,VIP,4,0,51.28,3.205,51-65,,,0
B5952,37,13.85,Comedy,VIP,4,1,55.4,3.4625,36-50,,,0
V3085,40,12.11,Action,Standard,1,1,12.11,12.11,36-50,,,0
I0518,53,12.6,Drama,VIP,7,1,88.2,1.8,51-65,,,0
G8812,20,12.99,Comedy,Premium,4,0,51.96,3.2475,18-35,,,0
M5460,43,14.09,Action,Premium,7,1,98.63,2.012857142857143,36-50,,,0
I1201,38,20.15,Action,Standard,7,0,141.04999999999998,2.8785714285714286,36-50,,,0
G4176,22,17.75,Action,VIP,5,0,88.75,3.55,18-35,,,0
N2552,33,14.97,Horror,Premium,1,1,14.97,14.97,18-35,,,0
N5378,58,13.01,Sci-Fi,VIP,1,1,13.01,13.01,51-65,,,0
I1329,56,13.09,Drama,Standard,4,1,52.36,3.2725,51-65,,,0
Q1018,49,11.74,Action,Premium,7,1,82.18,1.6771428571428573,36-50,,,0
I1285,35,16.89,Horror,Premium,6,1,101.34,2.815,18-35,,,0
Z9207,30,15.49,Drama,VIP,5,1,77.45,3.098,18-35,,,0
Y3702,29,20.74,Horror,VIP,1,0,20.74,20.74,18-35,,,0
N5089,41,22.05,Horror,Standard,5,0,110.25,4.41,36-50,,,0
B2777,60,16.52,Drama,Standard,3,1,49.56,5.506666666666667,51-65,,,0
Q3956,24,13.69,Drama,Premium,1,1,13.69,13.69,18-35,,,0
M2613,42,11.1,Horror,Premium,1,0,11.1,11.1,36-50,,,0
M8224,58,21.89,Comedy,Standard,3,0,65.67,7.296666666666667,51-65,,,0
G6931,47,11.31,Action,Premium,1,0,11.31,11.31,36-50,,,0
X2879,43,17.62,Comedy,Premium,4,0,70.48,4.405,36-50,,,0
L0222,30,23.26,Drama,Premium,1,1,23.26,23.26,18-35,,,0
J8057,54,15.91,Sci-Fi,Premium,1,0,15.91,15.91,51-65,,,0
D9454,31,21.5,Action,Standard,5,1,107.5,4.3,18-35,,,0
Y6890,30,17.21,Action,Premium,5,0,86.05000000000001,3.442,18-35,,,0
K4381,42,14.22,Sci-Fi,Standard,7,0,99.54,2.0314285714285716,36-50,,,0
H8074,56,10.86,Horror,Premium,1,1,10.86,10.86,51-65,,,0
G1928,29,21.27,Horror,Premium,2,0,42.54,10.635,18-35,,,0
P9848,24,13.01,Action,VIP,4,1,52.04,3.2525,18-35,,,0
R3496,28,14.69,Drama,Standard,1,0,14.69,14.69,18-35,,,0
L6719,48,14.12,Horror,Premium,1,1,14.12,14.12,36-50,,,0
M4803,55,17.73,Comedy,Premium,1,1,17.73,17.73,51-65,,,0
K3727,33,12.79,Horror,Standard,1,1,12.79,12.79,18-35,,,0
Z8213,51,12.45,Drama,VIP,4,0,49.8,3.1125,51-65,,,0
K9919,55,19.76,Sci-Fi,VIP,1,1,19.76,19.76,51-65,,,0
X5590,18,15.51,Action,VIP,4,0,62.04,3.8775,18-35,,,0
I4060,37,24.07,Drama,Standard,6,0,144.42000000000002,4.011666666666667,36-50,,,0
Y6457,29,23.92,Sci-Fi,Standard,4,0,95.68,5.98,18-35,,,0
R1338,28,18.11,Drama,VIP,1,1,18.11,18.11,18-35,,,0
C8928,35,15.4,Action,Premium,7,1,107.8,2.2,18-35,,,0
Y4752,32,21.25,Sci-Fi,VIP,4,0,85.0,5.3125,18-35,,,0
I8573,27,18.85,Comedy,VIP,6,0,113.10000000000001,3.141666666666667,18-35,,,0
C1192,23,13.33,Action,VIP,4,0,53.32,3.3325,18-35,,,0
M9673,18,10.38,Drama,Standard,7,0,72.66000000000001,1.4828571428571429,18-35,,,0
M1539,18,11.23,Drama,Premium,1,0,11.23,11.23,18-35,,,0
N1839,50,13.63,Horror,VIP,1,0,13.63,13.63,36-50,,,0
P1884,34,19.28,Action,Standard,2,1,38.56,9.64,18-35,,,0
Q4649,24,17.02,Sci-Fi,VIP,1,0,17.02,17.02,18-35,,,0
Y6750,52,18.09,Drama,VIP,4,1,72.36,4.5225,51-65,,,0
O2168,24,11.71,Sci-Fi,VIP,1,0,11.71,11.71,18-35,,,0
U8934,50,21.68,Sci-Fi,VIP,2,1,43.36,10.84,36-50,,,0
U3817,44,18.45,Comedy,Premium,1,1,18.45,18.45,36-50,,,0
Z0219,47,10.35,Drama,Standard,1,0,10.35,10.35,36-50,,,0
U7953,31,20.66,Comedy,Premium,3,1,61.980000000000004,6.886666666666667,18-35,,,0
P8419,57,24.9,Drama,Standard,2,0,49.8,12.45,51-65,,,0
T3482,22,22.03,Comedy,VIP,1,0,22.03,22.03,18-35,,,0
H6371,48,24.02,Comedy,VIP,1,0,24.02,24.02,36-50,,,0
P3569,38,10.26,Horror,Standard,1,0,10.26,10.26,36-50,,,0
Y4248,20,24.92,Horror,Standard,5,0,124.60000000000001,4.984,18-35,,,0
N9830,44,14.9,Horror,Premium,1,1,14.9,14.9,36-50,,,0
B1744,34,10.71,Comedy,Standard,1,0,10.71,10.71,18-35,,,0
O7771,36,11.09,Action,Premium,6,0,66.53999999999999,1.8483333333333334,36-50,,,0
R0885,24,21.61,Action,VIP,7,1,151.26999999999998,3.087142857142857,18-35,,,0
A5251,26,24.99,Sci-Fi,Premium,1,0,24.99,24.99,18-35,,,0
Z7628,31,20.97,Horror,Premium,1,0,20.97,20.97,18-35,,,0
Q4641,19,10.03,Comedy,Premium,2,0,20.06,5.015,18-35,,,0
O4918,25,18.81,Horror,VIP,4,0,75.24,4.7025,18-35,,,0
X9125,28,20.41,Comedy,Premium,1,1,20.41,20.41,18-35,,,0
B4363,20,19.03,Horror,Premium,2,0,38.06,9.515,18-35,,,0
U9991,46,13.3,Comedy,VIP,1,0,13.3,13.3,36-50,,,0
E0138,18,11.96,Sci-Fi,Premium,7,1,83.72,1.7085714285714286,18-35,,,0
P2977,60,19.87,Sci-Fi,VIP,5,0,99.35000000000001,3.974,51-65,,,0
C8279,40,24.45,Action,VIP,6,1,146.7,4.075,36-50,,,0
H6999,42,13.34,Comedy,VIP,6,1,80.03999999999999,2.223333333333333,36-50,,,0
Y0798,43,23.69,Sci-Fi,Standard,7,0,165.83,3.3842857142857143,36-50,,,0
V7065,51,21.86,Drama,Premium,1,1,21.86,21.86,51-65,,,0
E3076,31,21.67,Comedy,Standard,3,0,65.01,7.223333333333334,18-35,,,0
Z0104,35,24.65,Drama,Standard,1,1,24.65,24.65,18-35,,,0
R4883,48,13.49,Drama,Premium,1,1,13.49,13.49,36-50,,,0
Z8082,23,15.29,Sci-Fi,VIP,6,1,91.74,2.5483333333333333,18-35,,,0
D2037,51,10.86,Comedy,Premium,3,1,32.58,3.6199999999999997,51-65,,,0
Y6288,60,19.93,Action,Premium,5,1,99.65,3.9859999999999998,51-65,,,0
R9227,20,20.02,Horror,Premium,2,1,40.04,10.01,18-35,,,0
I6652,28,15.39,Action,Standard,1,0,15.39,15.39,18-35,,,0
G3422,55,21.55,Comedy,Standard,1,0,21.55,21.55,51-65,,,0
E8769,24,23.26,Drama,Standard,7,1,162.82000000000002,3.322857142857143,18-35,,,0
J4048,32,22.88,Sci-Fi,Standard,5,0,114.39999999999999,4.576,18-35,,,0
D1283,36,11.94,Drama,VIP,4,1,47.76,2.985,36-50,,,0
T4714,45,15.45,Horror,VIP,6,0,92.69999999999999,2.5749999999999997,36-50,,,0
E0466,20,11.13,Horror,Standard,1,0,11.13,11.13,18-35,,,0
Q2283,57,24.13,Action,Premium,5,1,120.64999999999999,4.826,51-65,,,0
V0461,58,16.75,Action,VIP,5,1,83.75,3.35,51-65,,,0
E3795,46,18.49,Drama,VIP,1,1,18.49,18.49,36-50,,,0
V6571,38,21.52,Sci-Fi,Standard,1,0,21.52,21.52,36-50,,,0
O7454,52,16.34,Comedy,Premium,1,1,16.34,16.34,51-65,,,0
H3432,49,11.54,Horror,VIP,6,1,69.24,1.9233333333333331,36-50,,,0
B8493,54,22.4,Sci-Fi,Premium,1,0,22.4,22.4,51-65,,,0
B4025,30,10.03,Action,Standard,7,0,70.21,1.4328571428571428,18-35,,,0
Q5838,31,22.16,Sci-Fi,Premium,4,0,88.64,5.54,18-35,,,0
H1744,25,23.07,Action,Premium,3,1,69.21000000000001,7.69,18-35,,,0
I2389,26,23.14,Sci-Fi,Standard,1,0,23.14,23.14,18-35,,,0
S0920,22,11.78,Action,Standard,1,0,11.78,11.78,18-35,,,0
G6769,34,15.52,Action,Standard,1,0,15.52,15.52,18-35,,,0
P3703,22,18.34,Drama,Premium,1,0,18.34,18.34,18-35,,,0
S9537,34,10.23,Comedy,Standard,1,1,10.23,10.23,18-35,,,0
T5353,42,17.78,Drama,Premium,1,1,17.78,17.78,36-50,,,0
A7782,19,23.18,Drama,Standard,1,1,23.18,23.18,18-35,,,0
P1899,52,22.0,Sci-Fi,Standard,1,0,22.0,22.0,51-65,,,0
K1161,30,21.52,Comedy,VIP,1,0,21.52,21.52,18-35,,,0
U0268,26,23.17,Drama,Premium,1,0,23.17,23.17,18-35,,,0
W3789,48,20.37,Action,VIP,1,0,20.37,20.37,36-50,,,0
I2507,41,23.37,Comedy,VIP,1,0,23.37,23.37,36-50,,,0
B4004,55,16.38,Sci-Fi,Standard,3,0,49.14,5.46,51-65,,,0
N2899,42,16.9,Sci-Fi,Standard,1,0,16.9,16.9,36-50,,,0
L6276,21,12.81,Sci-Fi,Standard,7,0,89.67,1.83,18-35,,,0
O2405,29,20.26,Sci-Fi,Premium,2,0,40.52,10.13,18-35,,,0
F5465,54,19.41,Sci-Fi,VIP,4,1,77.64,4.8525,51-65,,,0
S7859,38,13.64,Drama,Premium,1,1,13.64,13.64,36-50,,,0
N1442,25,12.54,Sci-Fi,Premium,1,0,12.54,12.54,18-35,,,0
D3688,49,10.41,Horror,VIP,5,1,52.05,2.082,36-50,,,0
K6350,30,22.15,Comedy,VIP,1,1,22.15,22.15,18-35,,,0
E8457,55,17.88,Drama,Premium,1,0,17.88,17.88,51-65,,,0
U2904,56,10.21,Action,Standard,5,1,51.050000000000004,2.0420000000000003,51-65,,,0
H0766,18,14.63,Sci-Fi,Premium,1,0,14.63,14.63,18-35,,,0
Z2277,48,14.98,Action,Premium,4,0,59.92,3.745,36-50,,,0
Y1044,55,15.49,Sci-Fi,VIP,6,0,92.94,2.5816666666666666,51-65,,,0
I1692,53,11.21,Horror,VIP,1,0,11.21,11.21,51-65,,,0
S3826,50,14.52,Horror,Standard,4,1,58.08,3.63,36-50,,,0
P5481,25,10.61,Action,Premium,4,0,42.44,2.6525,18-35,,,0
G9153,30,10.27,Comedy,VIP,5,0,51.349999999999994,2.054,18-35,,,0
B9078,22,18.01,Sci-Fi,Standard,1,0,18.01,18.01,18-35,,,0
K4001,38,14.39,Action,VIP,4,0,57.56,3.5975,36-50,,,0
Q2976,32,23.57,Drama,VIP,1,0,23.57,23.57,18-35,,,0
L4821,28,14.96,Drama,VIP,6,1,89.76,2.4933333333333336,18-35,,,0
S6575,47,21.95,Action,Standard,3,0,65.85,7.316666666666666,36-50,,,0
C2285,21,23.4,Comedy,Standard,1,1,23.4,23.4,18-35,,,0
K7735,52,21.43,Horror,Premium,1,0,21.43,21.43,51-65,,,0
G3626,46,16.14,Horror,Premium,7,0,112.98,2.3057142857142856,36-50,,,0
B9198,26,12.8,Drama,Standard,1,1,12.8,12.8,18-35,,,0
F7537,20,19.47,Sci-Fi,Premium,3,1,58.41,6.489999999999999,18-35,,,0
M2223,50,13.49,Comedy,Standard,6,1,80.94,2.2483333333333335,36-50,,,0
K8826,39,15.75,Sci-Fi,VIP,1,0,15.75,15.75,36-50,,,0
B1192,52,22.45,Drama,VIP,1,0,22.45,22.45,51-65,,,0
N6061,24,16.15,Action,Premium,5,1,80.75,3.2299999999999995,18-35,,,0
J3637,29,21.42,Sci-Fi,VIP,1,0,21.42,21.42,18-35,,,0
L0905,31,17.7,Horror,Premium,1,1,17.7,17.7,18-35,,,0
Q1064,18,19.33,Horror,VIP,4,1,77.32,4.8325,18-35,,,0
T6565,20,17.66,Comedy,Standard,1,0,17.66,17.66,18-35,,,0
T3563,37,16.75,Horror,VIP,1,1,16.75,16.75,36-50,,,0
Y8937,33,22.07,Drama,Standard,6,0,132.42000000000002,3.6783333333333332,18-35,,,0
D4512,20,14.37,Action,Standard,7,1,100.58999999999999,2.052857142857143,18-35,,,0
I0300,53,15.82,Comedy,VIP,1,0,15.82,15.82,51-65,,,0
B8840,52,16.14,Drama,Standard,1,1,16.14,16.14,51-65,,,0
M3087,58,22.11,Comedy,VIP,4,0,88.44,5.5275,51-65,,,0
K6175,42,11.81,Comedy,Standard,1,1,11.81,11.81,36-50,,,0
I2406,52,21.83,Sci-Fi,Premium,3,1,65.49,7.276666666666666,51-65,,,0
U6984,24,13.68,Action,Premium,1,0,13.68,13.68,18-35,,,0
J9064,20,17.29,Horror,VIP,1,0,17.29,17.29,18-35,,,0
M5068,33,10.17,Sci-Fi,Premium,4,0,40.68,2.5425,18-35,,,0
W3776,54,21.26,Drama,Standard,3,0,63.78,7.086666666666667,51-65,,,0
O7505,31,14.19,Drama,Premium,1,0,14.19,14.19,18-35,,,0
S0443,38,14.68,Sci-Fi,Standard,7,0,102.75999999999999,2.097142857142857,36-50,,,0
X3353,28,18.37,Sci-Fi,VIP,7,0,128.59,2.6242857142857146,18-35,,,0
L8241,55,16.98,Horror,Premium,4,1,67.92,4.245,51-65,,,0
B0684,46,12.16,Horror,Standard,5,1,60.8,2.432,36-50,,,0
C3968,41,18.43,Sci-Fi,Premium,2,0,36.86,9.215,36-50,,,0
V6951,36,22.63,Comedy,VIP,7,1,158.41,3.2328571428571427,36-50,,,0
A4622,35,22.33,Drama,Premium,4,1,89.32,5.5825,18-35,,,0
M9282,49,15.92,Drama,Standard,7,1,111.44,2.2742857142857145,36-50,,,0
F2596,25,14.2,Action,VIP,5,1,71.0,2.84,18-35,,,0
B6368,57,12.49,Horror,Premium,3,0,37.47,4.163333333333333,51-65,,,0
G8621,42,20.21,Drama,Standard,1,0,20.21,20.21,36-50,,,0
Z8270,55,20.34,Horror,VIP,1,1,20.34,20.34,51-65,,,0
F1834,40,23.34,Action,Premium,5,0,116.7,4.668,36-50,,,0
D5786,55,23.03,Action,VIP,7,1,161.21,3.29,51-65,,,0
U3904,56,20.53,Horror,Premium,7,1,143.71,2.932857142857143,51-65,,,0
W7445,19,23.77,Comedy,Premium,1,0,23.77,23.77,18-35,,,0
L4400,57,16.33,Drama,VIP,1,1,16.33,16.33,51-65,,,0
V8116,53,14.76,Horror,Premium,3,1,44.28,4.92,51-65,,,0
J4658,52,14.05,Comedy,Standard,3,0,42.150000000000006,4.683333333333334,51-65,,,0
W4387,54,15.18,Comedy,Premium,1,0,15.18,15.18,51-65,,,0
U8752,57,14.92,Horror,VIP,3,0,44.76,4.973333333333334,51-65,,,0
Y2620,59,23.03,Comedy,VIP,3,0,69.09,7.676666666666667,51-65,,,0
M3362,51,24.19,Action,Standard,1,1,24.19,24.19,51-65,,,0
T2430,20,20.15,Sci-Fi,VIP,1,1,20.15,20.15,18-35,,,0
E8799,26,10.11,Action,VIP,7,0,70.77,1.4442857142857142,18-35,,,0
X4543,43,16.05,Action,Premium,1,0,16.05,16.05,36-50,,,0
Q5817,54,16.4,Drama,Premium,3,1,49.199999999999996,5.466666666666666,51-65,,,0
X0949,41,11.79,Comedy,VIP,1,1,11.79,11.79,36-50,,,0
S0878,49,13.8,Drama,Premium,1,0,13.8,13.8,36-50,,,0
A0388,43,20.17,Horror,Standard,1,1,20.17,20.17,36-50,,,0
L5567,36,16.11,Comedy,Standard,2,1,32.22,8.055,36-50,,,0
C9920,26,16.24,Comedy,Standard,6,1,97.44,2.7066666666666666,18-35,,,0
D9547,48,13.81,Action,Premium,4,0,55.24,3.4525,36-50,,,0
P0306,31,17.46,Sci-Fi,Premium,1,1,17.46,17.46,18-35,,,0
C3874,20,12.01,Action,Premium,1,1,12.01,12.01,18-35,,,0
T1098,24,24.43,Drama,VIP,7,1,171.01,3.4899999999999998,18-35,,,0
Z5047,25,23.2,Horror,VIP,5,0,116.0,4.64,18-35,,,0
B0660,30,21.26,Comedy,VIP,1,0,21.26,21.26,18-35,,,0
W6958,52,24.3,Drama,VIP,1,1,24.3,24.3,51-65,,,0
Q8351,26,21.15,Drama,Premium,1,0,21.15,21.15,18-35,,,0
P0379,33,19.94,Comedy,VIP,3,0,59.82000000000001,6.646666666666667,18-35,,,0
B1030,56,22.49,Horror,Standard,3,0,67.47,7.496666666666666,51-65,,,0
E8595,58,19.08,Comedy,Premium,1,0,19.08,19.08,51-65,,,0
X8408,41,19.68,Comedy,VIP,1,0,19.68,19.68,36-50,,,0
L3487,44,10.65,Action,VIP,5,1,53.25,2.13,36-50,,,0
L0206,24,21.78,Drama,Premium,3,1,65.34,7.260000000000001,18-35,,,0
I2310,41,17.32,Comedy,Premium,3,1,51.96,5.773333333333333,36-50,,,0
F5776,33,15.88,Drama,Premium,1,0,15.88,15.88,18-35,,,0
T9882,18,20.05,Horror,Standard,6,0,120.30000000000001,3.341666666666667,18-35,,,0
O6286,29,14.4,Drama,Standard,1,0,14.4,14.4,18-35,,,0
I7347,22,21.53,Drama,Standard,1,0,21.53,21.53,18-35,,,0
M3443,27,21.42,Sci-Fi,VIP,1,1,21.42,21.42,18-35,,,0
O5296,47,21.68,Sci-Fi,Standard,1,1,21.68,21.68,36-50,,,0
D3902,30,23.22,Sci-Fi,Standard,1,1,23.22,23.22,18-35,,,0
U9995,26,10.14,Comedy,Standard,4,0,40.56,2.535,18-35,,,0
N5512,36,12.07,Action,Premium,4,0,48.28,3.0175,36-50,,,0
B4448,41,18.49,Action,VIP,7,0,129.42999999999998,2.641428571428571,36-50,,,0
M9760,46,14.97,Horror,Standard,1,0,14.97,14.97,36-50,,,0
Z6618,57,15.39,Drama,Standard,1,1,15.39,15.39,51-65,,,0
C9548,44,24.48,Horror,VIP,1,0,24.48,24.48,36-50,,,0
S1808,21,13.64,Sci-Fi,Premium,1,1,13.64,13.64,18-35,,,0
G5055,60,10.33,Horror,Premium,1,1,10.33,10.33,51-65,,,0
W9028,35,11.37,Sci-Fi,Standard,3,1,34.11,3.7899999999999996,18-35,,,0
J4976,32,23.62,Sci-Fi,VIP,4,1,94.48,5.905,18-35,,,0
E4812,44,23.79,Drama,VIP,2,1,47.58,11.895,36-50,,,0
A4844,48,10.1,Horror,Standard,1,0,10.1,10.1,36-50,,,0
J1949,31,18.82,Sci-Fi,VIP,6,0,112.92,3.1366666666666667,18-35,,,0
T6189,29,21.83,Drama,Standard,5,1,109.14999999999999,4.366,18-35,,,0
C5599,51,12.22,Drama,Standard,1,0,12.22,12.22,51-65,,,0
C7647,38,21.27,Comedy,Standard,3,1,63.81,7.09,36-50,,,0
Y7282,27,23.31,Horror,VIP,1,1,23.31,23.31,18-35,,,0
P6993,37,15.67,Drama,Premium,1,1,15.67,15.67,36-50,,,0
F1093,38,15.6,Drama,Standard,1,1,15.6,15.6,36-50,,,0
B8523,25,14.7,Comedy,Standard,7,1,102.89999999999999,2.1,18-35,,,0
G2170,32,11.74,Sci-Fi,Premium,1,0,11.74,11.74,18-35,,,0
H1831,48,21.06,Comedy,VIP,6,0,126.35999999999999,3.51,36-50,,,0
W2821,36,11.54,Comedy,VIP,6,0,69.24,1.9233333333333331,36-50,,,0
H8426,42,24.74,Drama,Premium,7,0,173.17999999999998,3.5342857142857143,36-50,,,0
M7144,50,14.78,Drama,VIP,4,0,59.12,3.695,36-50,,,0
D0530,53,10.17,Sci-Fi,Standard,6,0,61.019999999999996,1.695,51-65,,,0
S2049,48,22.43,Comedy,Premium,6,0,134.57999999999998,3.7383333333333333,36-50,,,0
J4439,24,18.72,Action,VIP,6,1,112.32,3.1199999999999997,18-35,,,0
U3687,42,16.88,Comedy,Premium,6,1,101.28,2.813333333333333,36-50,,,0
S5808,19,20.73,Action,Premium,1,0,20.73,20.73,18-35,,,0
S9738,38,16.99,Sci-Fi,VIP,1,1,16.99,16.99,36-50,,,0
F0463,43,13.09,Action,VIP,6,1,78.53999999999999,2.1816666666666666,36-50,,,0
W2590,20,18.01,Horror,Premium,1,1,18.01,18.01,18-35,,,0
Z8084,39,20.49,Sci-Fi,Premium,4,0,81.96,5.1225,36-50,,,0
E6569,32,24.91,Action,Premium,1,0,24.91,24.91,18-35,,,0
E9851,23,21.16,Horror,Standard,1,1,21.16,21.16,18-35,,,0
I3546,33,24.05,Action,Standard,4,1,96.2,6.0125,18-35,,,0
Y0761,47,18.52,Comedy,Standard,6,0,111.12,3.0866666666666664,36-50,,,0
K1022,31,10.5,Action,Premium,1,1,10.5,10.5,18-35,,,0
X0028,40,16.54,Sci-Fi,Premium,1,0,16.54,16.54,36-50,,,0
G5344,49,23.04,Horror,VIP,7,0,161.28,3.2914285714285714,36-50,,,0
R5874,42,19.82,Sci-Fi,VIP,7,0,138.74,2.8314285714285714,36-50,,,0
I9463,29,24.77,Action,Standard,7,1,173.39,3.5385714285714287,18-35,,,0
E5861,23,15.16,Sci-Fi,Premium,3,1,45.480000000000004,5.053333333333334,18-35,,,0
Z8170,27,24.04,Action,Premium,2,0,48.08,12.02,18-35,,,0
Q2062,18,15.89,Comedy,VIP,6,0,95.34,2.6483333333333334,18-35,,,0
Z4956,44,15.45,Horror,Premium,2,0,30.9,7.725,36-50,,,0
Y8579,38,15.42,Comedy,Premium,1,0,15.42,15.42,36-50,,,0
U3440,39,11.63,Comedy,Standard,7,0,81.41000000000001,1.6614285714285715,36-50,,,0
E4018,22,24.8,Drama,Standard,1,1,24.8,24.8,18-35,,,0
C1249,19,19.4,Action,VIP,3,0,58.199999999999996,6.466666666666666,18-35,,,0
Q5260,26,18.63,Sci-Fi,VIP,7,0,130.41,2.6614285714285715,18-35,,,0
U0284,59,21.39,Action,Premium,5,1,106.95,4.2780000000000005,51-65,,,0
R4146,59,13.77,Sci-Fi,Standard,1,1,13.77,13.77,51-65,,,0
M4894,23,18.05,Sci-Fi,VIP,6,1,108.30000000000001,3.0083333333333333,18-35,,,0
J5824,46,23.81,Action,Standard,1,1,23.81,23.81,36-50,,,0
T1793,22,24.82,Drama,Standard,1,1,24.82,24.82,18-35,,,0
E4844,60,20.17,Comedy,Standard,1,0,20.17,20.17,51-65,,,0
A9751,31,10.89,Comedy,Premium,1,0,10.89,10.89,18-35,,,0
C0817,28,13.24,Sci-Fi,VIP,1,0,13.24,13.24,18-35,,,0
G0405,30,13.38,Sci-Fi,Standard,2,1,26.76,6.69,18-35,,,0
O7387,59,22.19,Horror,Standard,6,0,133.14000000000001,3.6983333333333337,51-65,,,0
T1735,43,15.44,Sci-Fi,Standard,3,0,46.32,5.1466666666666665,36-50,,,0
E2026,48,23.67,Horror,Premium,6,1,142.02,3.9450000000000003,36-50,,,0
S2667,46,22.81,Sci-Fi,Premium,1,1,22.81,22.81,36-50,,,0
L8908,20,20.94,Horror,Premium,1,0,20.94,20.94,18-35,,,0
I6271,37,12.31,Action,Premium,1,1,12.31,12.31,36-50,,,0
D5815,50,23.98,Comedy,VIP,1,0,23.98,23.98,36-50,,,0
M8884,46,20.13,Comedy,Standard,1,1,20.13,20.13,36-50,,,0
H4556,45,10.18,Sci-Fi,Standard,7,0,71.25999999999999,1.4542857142857142,36-50,,,0
U9616,29,12.8,Horror,VIP,1,1,12.8,12.8,18-35,,,0
B1445,56,18.18,Sci-Fi,VIP,1,0,18.18,18.18,51-65,,,0
O8966,58,20.57,Comedy,Standard,3,1,61.71,6.8566666666666665,51-65,,,0
E8011,53,22.93,Sci-Fi,Standard,6,1,137.57999999999998,3.8216666666666668,51-65,,,0
V0442,24,17.99,Drama,Standard,2,0,35.98,8.995,18-35,,,0
A3459,34,13.43,Sci-Fi,Premium,1,1,13.43,13.43,18-35,,,0
U5170,19,19.81,Comedy,VIP,7,0,138.67,2.8299999999999996,18-35,,,0
D1265,33,16.22,Horror,Standard,6,0,97.32,2.703333333333333,18-35,,,0
F2770,22,12.23,Action,VIP,1,0,12.23,12.23,18-35,,,0
A3164,20,23.62,Sci-Fi,Standard,3,1,70.86,7.873333333333334,18-35,,,0
U9486,48,10.23,Sci-Fi,VIP,1,0,10.23,10.23,36-50,,,0
F0123,43,15.17,Sci-Fi,Standard,3,1,45.51,5.056666666666667,36-50,,,0
N3258,21,12.84,Action,Premium,6,0,77.03999999999999,2.14,18-35,,,0
N3378,42,18.03,Drama,Premium,2,0,36.06,9.015,36-50,,,0
F3922,48,11.6,Horror,VIP,5,1,58.0,2.32,36-50,,,0
X8730,56,18.66,Sci-Fi,VIP,3,0,55.980000000000004,6.22,51-65,,,0
E2255,39,22.98,Drama,Premium,7,1,160.86,3.282857142857143,36-50,,,0
U4454,23,11.75,Drama,VIP,1,1,11.75,11.75,18-35,,,0
H9020,60,19.91,Horror,VIP,5,0,99.55,3.982,51-65,,,0
G4508,34,19.9,Comedy,Premium,1,1,19.9,19.9,18-35,,,0
W3495,40,10.92,Comedy,Standard,6,1,65.52,1.82,36-50,,,0
S3916,35,22.02,Horror,Premium,1,0,22.02,22.02,18-35,,,0
F7268,24,14.43,Sci-Fi,VIP,2,1,28.86,7.215,18-35,,,0
P0917,19,20.79,Comedy,Standard,4,1,83.16,5.1975,18-35,,,0
H0854,54,23.89,Action,Premium,1,1,23.89,23.89,51-65,,,0
E7698,41,18.65,Action,VIP,3,1,55.949999999999996,6.216666666666666,36-50,,,0
S5893,47,18.5,Sci-Fi,VIP,1,0,18.5,18.5,36-50,,,0
F4124,36,21.54,Action,VIP,1,1,21.54,21.54,36-50,,,0
Y1864,51,24.45,Comedy,Standard,1,0,24.45,24.45,51-65,,,0
G3831,32,18.98,Comedy,VIP,1,0,18.98,18.98,18-35,,,0
I2649,39,12.88,Horror,VIP,3,1,38.64,4.293333333333334,36-50,,,0
E0849,24,13.65,Comedy,Standard,6,0,81.9,2.275,18-35,,,0
H3119,58,23.29,Horror,VIP,1,0,23.29,23.29,51-65,,,0
M9916,53,13.09,Horror,VIP,2,1,26.18,6.545,51-65,,,0
Q3717,41,16.33,Horror,VIP,5,1,81.64999999999999,3.2659999999999996,36-50,,,0
Y7042,56,10.99,Comedy,Standard,1,1,10.99,10.99,51-65,,,0
Z6364,36,11.02,Horror,Standard,4,1,44.08,2.755,36-50,,,0
P1867,51,20.95,Horror,Standard,5,0,104.75,4.1899999999999995,51-65,,,0
O2404,58,22.83,Action,Premium,1,1,22.83,22.83,51-65,,,0
P7848,28,17.13,Drama,Premium,1,1,17.13,17.13,18-35,,,0
Q0412,52,14.2,Comedy,Standard,1,0,14.2,14.2,51-65,,,0
I8223,45,13.52,Drama,VIP,2,0,27.04,6.76,36-50,,,0
I6287,31,12.79,Horror,Standard,1,1,12.79,12.79,18-35,,,0
B8644,48,12.2,Drama,Premium,7,1,85.39999999999999,1.7428571428571427,36-50,,,0
O9543,53,14.6,Sci-Fi,Standard,3,0,43.8,4.866666666666666,51-65,,,0
R6020,45,13.58,Comedy,Premium,3,0,40.74,4.526666666666666,36-50,,,0
U6522,45,14.16,Drama,VIP,7,0,99.12,2.0228571428571427,36-50,,,0
H5569,42,24.61,Horror,VIP,6,0,147.66,4.101666666666667,36-50,,,0
L6403,35,22.26,Horror,VIP,5,1,111.30000000000001,4.452,18-35,,,0
F2516,55,13.39,Drama,Premium,1,0,13.39,13.39,51-65,,,0
L8979,21,19.62,Action,VIP,1,1,19.62,19.62,18-35,,,0
C5141,42,24.32,Horror,Standard,1,1,24.32,24.32,36-50,,,0
N6099,30,20.13,Comedy,VIP,5,1,100.64999999999999,4.026,18-35,,,0
U2005,43,20.11,Horror,Premium,1,1,20.11,20.11,36-50,,,0
J6862,37,24.17,Action,VIP,1,0,24.17,24.17,36-50,,,0
H7385,40,18.4,Comedy,Premium,1,0,18.4,18.4,36-50,,,0
M6720,60,16.83,Drama,Standard,4,1,67.32,4.2075,51-65,,,0
J1703,35,23.43,Action,VIP,1,0,23.43,23.43,18-35,,,0
L7656,41,22.2,Sci-Fi,Premium,3,0,66.6,7.3999999999999995,36-50,,,0
H8272,38,24.63,Horror,Premium,6,0,147.78,4.1049999999999995,36-50,,,0
T3421,46,19.75,Comedy,Premium,7,1,138.25,2.8214285714285716,36-50,,,0
E6095,47,24.16,Drama,Premium,1,0,24.16,24.16,36-50,,,0
P1057,60,12.52,Horror,VIP,1,1,12.52,12.52,51-65,,,0
T7208,21,11.73,Action,Premium,6,0,70.38,1.955,18-35,,,0
S4408,34,23.6,Drama,Premium,6,0,141.60000000000002,3.9333333333333336,18-35,,,0
V8858,26,10.51,Comedy,Standard,1,1,10.51,10.51,18-35,,,0
G1349,33,12.71,Horror,Premium,1,1,12.71,12.71,18-35,,,0
L3183,36,24.9,Drama,VIP,1,1,24.9,24.9,36-50,,,0
O0705,41,24.44,Drama,VIP,1,0,24.44,24.44,36-50,,,0
O6315,29,23.39,Drama,Standard,4,0,93.56,5.8475,18-35,,,0
Y4099,52,20.48,Action,Premium,1,0,20.48,20.48,51-65,,,0
Q8927,48,17.71,Drama,Premium,2,0,35.42,8.855,36-50,,,0
W1085,41,20.8,Comedy,Standard,6,0,124.80000000000001,3.466666666666667,36-50,,,0
X7294,37,10.38,Sci-Fi,VIP,5,1,51.900000000000006,2.076,36-50,,,0
N0333,60,17.53,Sci-Fi,VIP,1,0,17.53,17.53,51-65,,,0
R8256,25,24.42,Action,VIP,1,0,24.42,24.42,18-35,,,0
G9983,38,12.81,Action,Standard,6,0,76.86,2.1350000000000002,36-50,,,0
G3617,36,22.2,Sci-Fi,Premium,1,0,22.2,22.2,36-50,,,0
M1624,40,19.75,Sci-Fi,Premium,7,1,138.25,2.8214285714285716,36-50,,,0
W0863,30,10.63,Horror,Premium,6,0,63.78,1.7716666666666667,18-35,,,0
S4073,54,11.77,Comedy,Standard,4,0,47.08,2.9425,51-65,,,0
O8419,46,16.96,Comedy,Premium,2,1,33.92,8.48,36-50,,,0
P9246,34,24.65,Action,VIP,1,1,24.65,24.65,18-35,,,0
K9692,46,24.87,Sci-Fi,Premium,1,1,24.87,24.87,36-50,,,0
M7393,25,14.44,Sci-Fi,Standard,5,1,72.2,2.888,18-35,,,0
J3810,29,18.41,Horror,Premium,3,1,55.230000000000004,6.136666666666667,18-35,,,0
O7835,42,24.47,Drama,Premium,1,0,24.47,24.47,36-50,,,0
G8002,59,20.12,Horror,Premium,1,0,20.12,20.12,51-65,,,0
C7519,57,22.07,Drama,Standard,1,1,22.07,22.07,51-65,,,0
W0782,38,23.01,Drama,Premium,1,1,23.01,23.01,36-50,,,0
I6505,18,17.08,Sci-Fi,VIP,1,1,17.08,17.08,18-35,,,0
U3419,36,24.12,Action,Standard,1,1,24.12,24.12,36-50,,,0
S8354,42,24.51,Action,Standard,5,0,122.55000000000001,4.902,36-50,,,0
W1190,49,23.81,Horror,VIP,7,1,166.67,3.4014285714285712,36-50,,,0
R3498,54,16.61,Sci-Fi,Standard,3,0,49.83,5.536666666666666,51-65,,,0
F6097,18,18.86,Horror,Premium,3,1,56.58,6.286666666666666,18-35,,,0
H2276,23,11.21,Comedy,Premium,1,0,11.21,11.21,18-35,,,0
D3993,33,21.54,Action,Standard,1,0,21.54,21.54,18-35,,,0
V0936,21,19.94,Sci-Fi,Premium,1,0,19.94,19.94,18-35,,,0
S2077,30,15.04,Sci-Fi,Standard,4,0,60.16,3.76,18-35,,,0
X6087,26,18.44,Comedy,VIP,1,0,18.44,18.44,18-35,,,0
K0251,40,14.08,Drama,VIP,5,0,70.4,2.816,36-50,,,0
F3865,19,12.48,Action,Premium,5,1,62.400000000000006,2.496,18-35,,,0
U5529,58,22.32,Comedy,Premium,3,1,66.96000000000001,7.44,51-65,,,0
N6649,19,13.64,Horror,VIP,1,1,13.64,13.64,18-35,,,0
Y7689,36,20.19,Comedy,Premium,2,1,40.38,10.095,36-50,,,0
J0449,32,17.33,Sci-Fi,Premium,1,0,17.33,17.33,18-35,,,0
O2503,26,24.19,Comedy,Standard,1,1,24.19,24.19,18-35,,,0
B8877,52,21.5,Horror,Standard,7,1,150.5,3.0714285714285716,51-65,,,0
Z2085,58,23.76,Comedy,Premium,6,0,142.56,3.9600000000000004,51-65,,,0
T8611,56,15.76,Action,Standard,1,1,15.76,15.76,51-65,,,0
Z4654,55,14.37,Action,Premium,1,0,14.37,14.37,51-65,,,0
I1871,52,11.91,Sci-Fi,VIP,1,0,11.91,11.91,51-65,,,0
Z2623,34,14.23,Sci-Fi,VIP,1,1,14.23,14.23,18-35,,,0
J3585,44,19.83,Horror,VIP,6,1,118.97999999999999,3.3049999999999997,36-50,,,0
X7172,26,19.87,Sci-Fi,Standard,5,0,99.35000000000001,3.974,18-35,,,0
T8659,38,11.95,Action,Standard,3,0,35.849999999999994,3.983333333333333,36-50,,,0
E9959,34,13.82,Action,Premium,4,0,55.28,3.455,18-35,,,0
O5505,46,18.45,Drama,Standard,5,1,92.25,3.69,36-50,,,0
L5134,26,21.27,Sci-Fi,VIP,1,0,21.27,21.27,18-35,,,0
L0572,55,22.77,Action,Standard,6,0,136.62,3.795,51-65,,,0
R5366,28,20.37,Action,Premium,1,0,20.37,20.37,18-35,,,0
V9452,53,12.19,Drama,Standard,1,1,12.19,12.19,51-65,,,0
V6506,31,22.76,Action,Standard,2,1,45.52,11.38,18-35,,,0
Z0037,21,15.24,Sci-Fi,VIP,4,0,60.96,3.81,18-35,,,0
T0216,20,11.61,Action,VIP,7,1,81.27,1.6585714285714286,18-35,,,0
D4263,56,22.18,Action,Premium,1,0,22.18,22.18,51-65,,,0
Z1477,52,18.13,Drama,Standard,1,0,18.13,18.13,51-65,,,0
H5571,30,18.64,Horror,Standard,7,1,130.48000000000002,2.662857142857143,18-35,,,0
A6968,49,14.09,Comedy,Standard,6,1,84.53999999999999,2.348333333333333,36-50,,,0
A8189,27,18.47,Comedy,VIP,6,1,110.82,3.078333333333333,18-35,,,0
S5270,27,22.71,Action,VIP,1,0,22.71,22.71,18-35,,,0
I8470,25,16.84,Sci-Fi,VIP,1,0,16.84,16.84,18-35,,,0
F8933,56,23.11,Horror,Premium,1,1,23.11,23.11,51-65,,,0
X2134,38,15.42,Sci-Fi,Standard,1,1,15.42,15.42,36-50,,,0
Z4627,47,24.08,Comedy,Premium,6,0,144.48,4.013333333333333,36-50,,,0
H9718,59,20.67,Sci-Fi,Standard,2,0,41.34,10.335,51-65,,,0
B6296,18,24.97,Horror,Standard,1,1,24.97,24.97,18-35,,,0
K4864,20,24.05,Drama,Premium,2,0,48.1,12.025,18-35,,,0
Z1517,33,18.2,Action,VIP,1,0,18.2,18.2,18-35,,,0
N2364,23,20.94,Drama,VIP,6,0,125.64000000000001,3.49,18-35,,,0
P1972,28,13.99,Horror,VIP,6,1,83.94,2.3316666666666666,18-35,,,0
Z1180,34,11.22,Action,VIP,1,1,11.22,11.22,18-35,,,0
A9621,44,19.1,Comedy,Standard,1,0,19.1,19.1,36-50,,,0
O4860,30,23.23,Action,VIP,1,1,23.23,23.23,18-35,,,0
M9619,27,22.6,Horror,Premium,6,0,135.60000000000002,3.766666666666667,18-35,,,0
R0226,53,10.48,Action,Standard,1,1,10.48,10.48,51-65,,,0
Z2342,25,17.03,Action,Standard,1,0,17.03,17.03,18-35,,,0
Y3751,48,19.44,Action,Standard,5,1,97.2,3.8880000000000003,36-50,,,0
Y9313,52,13.6,Sci-Fi,Premium,5,1,68.0,2.7199999999999998,51-65,,,0
J6015,55,11.14,Action,VIP,1,1,11.14,11.14,51-65,,,0
G9843,19,13.82,Drama,VIP,2,1,27.64,6.91,18-35,,,0
M1901,42,23.22,Drama,VIP,1,0,23.22,23.22,36-50,,,0
P4219,24,13.15,Drama,VIP,2,1,26.3,6.575,18-35,,,0
P6917,42,10.12,Comedy,VIP,6,0,60.72,1.6866666666666665,36-50,,,0
O7834,32,20.84,Horror,Premium,2,0,41.68,10.42,18-35,,,0
B3397,20,17.16,Horror,Premium,1,0,17.16,17.16,18-35,,,0
O6096,41,17.78,Action,Standard,1,1,17.78,17.78,36-50,,,0
T0002,27,13.6,Comedy,VIP,5,1,68.0,2.7199999999999998,18-35,,,0
P6849,44,22.0,Comedy,Premium,7,0,154.0,3.142857142857143,36-50,,,0
C9487,37,18.64,Drama,Standard,4,0,74.56,4.66,36-50,,,0
J2965,60,19.66,Horror,Standard,1,1,19.66,19.66,51-65,,,0
M8590,29,11.34,Sci-Fi,Standard,2,1,22.68,5.67,18-35,,,0
Q1525,57,22.52,Sci-Fi,Standard,4,1,90.08,5.63,51-65,,,0
H4515,37,12.87,Action,VIP,1,1,12.87,12.87,36-50,,,0
M4762,37,16.45,Drama,VIP,1,0,16.45,16.45,36-50,,,0
K5848,41,22.33,Action,VIP,1,0,22.33,22.33,36-50,,,0
U2351,25,16.18,Comedy,Premium,3,0,48.54,5.3933333333333335,18-35,,,0
Q7732,58,24.17,Horror,Standard,1,0,24.17,24.17,51-65,,,0
H8110,21,15.71,Sci-Fi,VIP,1,0,15.71,15.71,18-35,,,0
L8089,59,11.33,Drama,VIP,6,1,67.98,1.8883333333333334,51-65,,,0
U8857,40,13.72,Sci-Fi,Premium,1,1,13.72,13.72,36-50,,,0
W5960,52,19.13,Drama,Standard,3,1,57.39,6.376666666666666,51-65,,,0
H7279,43,21.81,Drama,VIP,1,1,21.81,21.81,36-50,,,0
Y7094,20,23.02,Sci-Fi,VIP,1,0,23.02,23.02,18-35,,,0
Z1901,56,16.41,Action,VIP,3,0,49.230000000000004,5.47,51-65,,,0
C3171,47,24.21,Sci-Fi,VIP,1,0,24.21,24.21,36-50,,,0
M8243,37,10.04,Action,Standard,1,0,10.04,10.04,36-50,,,0
E0024,47,17.69,Comedy,Premium,1,0,17.69,17.69,36-50,,,0
W2969,55,11.76,Drama,Standard,1,1,11.76,11.76,51-65,,,0
V6193,20,17.35,Action,VIP,1,1,17.35,17.35,18-35,,,0
O8682,38,24.76,Drama,VIP,1,0,24.76,24.76,36-50,,,0
U9667,49,18.26,Drama,Standard,1,1,18.26,18.26,36-50,,,0
O4424,29,11.22,Horror,VIP,4,1,44.88,2.805,18-35,,,0
H2558,35,14.31,Horror,VIP,1,0,14.31,14.31,18-35,,,0
R7206,50,23.17,Sci-Fi,VIP,1,1,23.17,23.17,36-50,,,0
U8822,29,13.17,Drama,VIP,4,0,52.68,3.2925,18-35,,,0
B3577,40,20.41,Sci-Fi,Premium,6,0,122.46000000000001,3.401666666666667,36-50,,,0
N1330,24,21.07,Action,Standard,1,0,21.07,21.07,18-35,,,0
D0301,37,16.66,Sci-Fi,VIP,7,0,116.62,2.38,36-50,,,0
G4519,51,16.98,Comedy,Premium,3,0,50.94,5.66,51-65,,,0
X4893,40,16.2,Sci-Fi,Standard,1,0,16.2,16.2,36-50,,,0
X7335,44,23.06,Comedy,Premium,7,0,161.42,3.294285714285714,36-50,,,0
C6210,27,20.75,Comedy,VIP,1,0,20.75,20.75,18-35,,,0
R4165,37,11.75,Horror,VIP,4,0,47.0,2.9375,36-50,,,0
L9634,22,11.39,Comedy,VIP,1,1,11.39,11.39,18-35,,,0
W8659,39,22.42,Comedy,Premium,1,1,22.42,22.42,36-50,,,0
K8116,51,14.43,Drama,Premium,3,0,43.29,4.81,51-65,,,0
T8064,24,18.22,Comedy,Standard,1,1,18.22,18.22,18-35,,,0
T2129,31,11.04,Drama,VIP,7,1,77.28,1.577142857142857,18-35,,,0
A4723,44,13.62,Horror,Premium,6,1,81.72,2.27,36-50,,,0
G2177,44,20.73,Action,VIP,1,1,20.73,20.73,36-50,,,0
H9793,56,10.15,Sci-Fi,VIP,5,0,50.75,2.0300000000000002,51-65,,,0
L4163,38,21.7,Comedy,VIP,2,1,43.4,10.85,36-50,,,0
T2013,34,15.14,Horror,VIP,6,0,90.84,2.5233333333333334,18-35,,,0
A7217,46,24.98,Horror,VIP,1,0,24.98,24.98,36-50,,,0
B9303,46,11.71,Drama,VIP,2,1,23.42,5.855,36-50,,,0
V6391,53,20.47,Horror,Premium,6,1,122.82,3.4116666666666666,51-65,,,0
D6962,42,23.83,Action,Premium,1,1,23.83,23.83,36-50,,,0
G2229,18,19.47,Drama,Premium,1,0,19.47,19.47,18-35,,,0
T0480,51,17.2,Action,VIP,1,1,17.2,17.2,51-65,,,0
M1015,21,13.69,Action,Premium,6,0,82.14,2.2816666666666667,18-35,,,0
D5863,21,20.48,Sci-Fi,VIP,5,0,102.4,4.096,18-35,,,0
V2226,40,15.56,Horror,Standard,1,0,15.56,15.56,36-50,,,0
S6536,35,10.57,Sci-Fi,Premium,1,1,10.57,10.57,18-35,,,0
Y9868,43,21.99,Drama,Standard,6,1,131.94,3.6649999999999996,36-50,,,0
E9522,23,19.46,Sci-Fi,Standard,1,1,19.46,19.46,18-35,,,0
D8335,37,11.11,Action,VIP,1,1,11.11,11.11,36-50,,,0
Y6028,58,14.83,Action,VIP,1,1,14.83,14.83,51-65,,,0
W3416,58,22.23,Horror,VIP,7,1,155.61,3.1757142857142857,51-65,,,0
R3938,41,10.47,Horror,VIP,1,1,10.47,10.47,36-50,,,0
Z7405,39,20.16,Comedy,Standard,2,1,40.32,10.08,36-50,,,0
D3652,57,10.57,Sci-Fi,Standard,1,1,10.57,10.57,51-65,,,0
R4795,38,20.23,Sci-Fi,Standard,1,1,20.23,20.23,36-50,,,0
L0702,36,13.41,Horror,Premium,1,1,13.41,13.41,36-50,,,0
H8796,42,12.35,Drama,Standard,4,0,49.4,3.0875,36-50,,,0
D5034,18,12.26,Sci-Fi,VIP,1,0,12.26,12.26,18-35,,,0
E9733,60,22.7,Action,Premium,3,1,68.1,7.566666666666666,51-65,,,0
P2342,38,17.64,Sci-Fi,Standard,3,0,52.92,5.88,36-50,,,0
A2343,47,22.4,Sci-Fi,Standard,4,0,89.6,5.6,36-50,,,0
Q6051,20,22.68,Comedy,Premium,1,0,22.68,22.68,18-35,,,0
O4791,30,18.51,Horror,VIP,1,1,18.51,18.51,18-35,,,0
A2841,33,14.18,Horror,VIP,1,0,14.18,14.18,18-35,,,0
S6414,34,14.44,Horror,VIP,6,0,86.64,2.4066666666666667,18-35,,,0
E9609,44,13.83,Horror,Premium,1,1,13.83,13.83,36-50,,,0
M3907,50,12.67,Action,Premium,2,1,25.34,6.335,36-50,,,0
P7041,47,23.99,Comedy,Premium,2,0,47.98,11.995,36-50,,,0
L9146,60,11.91,Comedy,VIP,5,1,59.55,2.382,51-65,,,0
X0241,25,21.72,Action,VIP,1,1,21.72,21.72,18-35,,,0
N4903,55,11.33,Sci-Fi,Premium,3,0,33.99,3.776666666666667,51-65,,,0
J3856,22,10.31,Action,Premium,5,0,51.550000000000004,2.0620000000000003,18-35,,,0
X5271,19,22.66,Comedy,Standard,2,0,45.32,11.33,18-35,,,0
O2974,53,24.68,Horror,Premium,1,0,24.68,24.68,51-65,,,0
L2663,20,17.77,Sci-Fi,VIP,4,0,71.08,4.4425,18-35,,,0
B1441,36,22.79,Sci-Fi,Premium,5,1,113.94999999999999,4.558,36-50,,,0
R9317,38,12.12,Horror,VIP,2,1,24.24,6.06,36-50,,,0
U4070,28,10.58,Comedy,VIP,1,0,10.58,10.58,18-35,,,0
T6005,20,20.71,Action,Premium,6,0,124.26,3.4516666666666667,18-35,,,0
E8006,41,11.45,Comedy,Premium,1,0,11.45,11.45,36-50,,,0
K9734,21,21.8,Action,VIP,1,1,21.8,21.8,18-35,,,0
I8504,38,15.87,Action,Standard,1,1,15.87,15.87,36-50,,,0
H0907,38,11.01,Drama,VIP,1,1,11.01,11.01,36-50,,,0
K1979,28,20.2,Horror,VIP,6,1,121.19999999999999,3.3666666666666667,18-35,,,0
X3910,50,17.59,Action,VIP,7,0,123.13,2.512857142857143,36-50,,,0
B6802,28,24.86,Horror,VIP,4,0,99.44,6.215,18-35,,,0
X1245,22,12.63,Sci-Fi,Standard,1,1,12.63,12.63,18-35,,,0
M9692,35,16.01,Drama,Standard,6,1,96.06,2.6683333333333334,18-35,,,0
W7379,57,13.46,Action,VIP,1,0,13.46,13.46,51-65,,,0
B9367,43,16.4,Action,Standard,1,1,16.4,16.4,36-50,,,0
L9477,35,18.73,Action,Premium,1,1,18.73,18.73,18-35,,,0
I2711,49,12.44,Drama,VIP,4,0,49.76,3.11,36-50,,,0
C4526,42,19.51,Horror,Premium,6,0,117.06,3.251666666666667,36-50,,,0
R5968,60,22.72,Action,VIP,1,0,22.72,22.72,51-65,,,0
R3741,53,10.79,Action,Standard,2,0,21.58,5.395,51-65,,,0
P8819,43,22.17,Sci-Fi,Premium,1,1,22.17,22.17,36-50,,,0
U8338,49,23.73,Drama,Premium,1,1,23.73,23.73,36-50,,,0
Y7492,21,24.26,Sci-Fi,VIP,3,0,72.78,8.086666666666668,18-35,,,0
F1452,35,24.45,Horror,Premium,6,0,146.7,4.075,18-35,,,0
T1841,44,22.32,Comedy,Premium,2,0,44.64,11.16,36-50,,,0
K5901,58,12.34,Horror,VIP,1,0,12.34,12.34,51-65,,,0
C4408,48,15.68,Comedy,VIP,3,1,47.04,5.226666666666667,36-50,,,0
A8762,50,24.06,Sci-Fi,VIP,1,0,24.06,24.06,36-50,,,0
D2487,58,21.32,Horror,Premium,6,0,127.92,3.5533333333333332,51-65,,,0
J4530,35,23.45,Comedy,Standard,1,1,23.45,23.45,18-35,,,0
M7521,54,21.26,Drama,Standard,1,0,21.26,21.26,51-65,,,0
F7654,19,10.41,Drama,Standard,1,1,10.41,10.41,18-35,,,0
Z5538,57,20.22,Comedy,VIP,1,1,20.22,20.22,51-65,,,0
Q2128,55,18.77,Comedy,VIP,7,0,131.39,2.6814285714285715,51-65,,,0
Y0420,59,16.81,Action,Premium,3,1,50.42999999999999,5.603333333333333,51-65,,,0
U6087,58,14.7,Drama,Standard,7,0,102.89999999999999,2.1,51-65,,,0
O7784,30,13.99,Action,Premium,1,0,13.99,13.99,18-35,,,0
B6927,46,20.58,Comedy,Standard,1,0,20.58,20.58,36-50,,,0
W0336,52,21.93,Comedy,Standard,2,0,43.86,10.965,51-65,,,0
E5978,20,20.02,Action,Premium,1,1,20.02,20.02,18-35,,,0
O9795,41,24.6,Action,VIP,4,0,98.4,6.15,36-50,,,0
O7894,18,16.55,Action,Standard,7,1,115.85000000000001,2.3642857142857143,18-35,,,0
S7850,50,14.29,Horror,Standard,1,1,14.29,14.29,36-50,,,0
R5176,23,10.95,Action,Standard,1,0,10.95,10.95,18-35,,,0
Z5642,60,17.76,Horror,VIP,1,1,17.76,17.76,51-65,,,0
N1656,22,21.01,Action,VIP,7,1,147.07000000000002,3.001428571428572,18-35,,,0
U6629,35,23.4,Drama,VIP,7,0,163.79999999999998,3.3428571428571425,18-35,,,0
F7192,18,18.76,Sci-Fi,Premium,7,1,131.32000000000002,2.68,18-35,,,0
G4707,35,23.9,Drama,VIP,4,1,95.6,5.975,18-35,,,0
F9671,33,14.95,Sci-Fi,Premium,1,1,14.95,14.95,18-35,,,0
T2836,23,24.94,Horror,VIP,2,0,49.88,12.47,18-35,,,0
W2315,60,14.26,Horror,Premium,3,0,42.78,4.753333333333333,51-65,,,0
P5536,22,10.43,Drama,Standard,6,1,62.58,1.7383333333333333,18-35,,,0
J8443,23,12.04,Drama,VIP,7,0,84.28,1.72,18-35,,,0
T9705,49,19.03,Action,VIP,1,1,19.03,19.03,36-50,,,0
F8157,41,16.63,Comedy,Premium,1,1,16.63,16.63,36-50,,,0
V4673,39,14.02,Horror,Premium,1,1,14.02,14.02,36-50,,,0
O9429,60,17.8,Comedy,Standard,1,0,17.8,17.8,51-65,,,0
N4941,58,14.3,Horror,Standard,1,1,14.3,14.3,51-65,,,0
R5679,22,21.0,Horror,Premium,1,0,21.0,21.0,18-35,,,0
Y5529,54,20.12,Drama,VIP,1,1,20.12,20.12,51-65,,,0
R0452,57,12.39,Drama,VIP,7,0,86.73,1.77,51-65,,,0
L7692,38,13.29,Horror,Standard,7,1,93.03,1.8985714285714284,36-50,,,0
V3147,23,12.97,Drama,Premium,1,0,12.97,12.97,18-35,,,0
F9676,55,13.63,Horror,VIP,1,1,13.63,13.63,51-65,,,0
H5782,32,18.08,Horror,Standard,2,1,36.16,9.04,18-35,,,0
N1362,39,11.21,Comedy,VIP,1,0,11.21,11.21,36-50,,,0
V4889,57,22.9,Sci-Fi,VIP,1,0,22.9,22.9,51-65,,,0
U1656,45,16.35,Sci-Fi,Premium,6,0,98.10000000000001,2.725,36-50,,,0
G9610,27,22.71,Horror,Standard,1,1,22.71,22.71,18-35,,,0
S7659,53,12.89,Horror,VIP,4,1,51.56,3.2225,51-65,,,0
S5665,33,21.35,Horror,Premium,1,1,21.35,21.35,18-35,,,0
Y8317,29,23.55,Horror,Premium,1,1,23.55,23.55,18-35,,,0
Z4944,60,16.26,Horror,VIP,1,0,16.26,16.26,51-65,,,0
Q6063,56,24.92,Comedy,Standard,1,1,24.92,24.92,51-65,,,0
W9717,26,15.19,Comedy,Premium,2,1,30.38,7.595,18-35,,,0
F7940,39,16.69,Action,Standard,3,0,50.07000000000001,5.5633333333333335,36-50,,,0
T5282,25,16.74,Sci-Fi,Premium,2,0,33.48,8.37,18-35,,,0
C0056,20,10.17,Sci-Fi,Premium,7,1,71.19,1.4528571428571428,18-35,,,0
L3931,23,19.8,Horror,Standard,7,1,138.6,2.8285714285714287,18-35,,,0
M7391,35,22.85,Comedy,Premium,1,1,22.85,22.85,18-35,,,0
K7435,57,10.22,Drama,Premium,1,1,10.22,10.22,51-65,,,0
X4739,19,18.81,Sci-Fi,VIP,1,1,18.81,18.81,18-35,,,0
W3570,38,18.25,Horror,Premium,6,0,109.5,3.0416666666666665,36-50,,,0
Q1582,26,11.2,Sci-Fi,Premium,4,0,44.8,2.8,18-35,,,0
A0761,42,11.89,Action,Premium,1,1,11.89,11.89,36-50,,,0
B5437,56,14.81,Action,Standard,1,1,14.81,14.81,51-65,,,0
Z9239,59,12.92,Drama,Premium,3,0,38.76,4.306666666666667,51-65,,,0
V0671,23,24.09,Drama,Premium,1,0,24.09,24.09,18-35,,,0
P0882,21,15.79,Comedy,Premium,7,1,110.53,2.255714285714286,18-35,,,0
T7439,57,21.91,Comedy,Premium,1,0,21.91,21.91,51-65,,,0
T7322,50,23.11,Horror,Premium,6,0,138.66,3.8516666666666666,36-50,,,0
T8561,42,15.69,Comedy,Standard,1,1,15.69,15.69,36-50,,,0
M0037,27,11.7,Action,Standard,1,0,11.7,11.7,18-35,,,0
Q8028,38,15.64,Horror,Standard,7,0,109.48,2.2342857142857144,36-50,,,0
F0706,59,24.75,Action,VIP,1,1,24.75,24.75,51-65,,,0
D4105,54,24.61,Comedy,VIP,1,0,24.61,24.61,51-65,,,0
Z8954,58,11.29,Drama,Standard,2,0,22.58,5.645,51-65,,,0
B2343,20,11.09,Action,Premium,5,1,55.45,2.218,18-35,,,0
G4586,27,14.31,Drama,Premium,7,1,100.17,2.0442857142857145,18-35,,,0
A6502,58,11.5,Horror,Standard,5,0,57.5,2.3,51-65,,,0
Q7827,52,19.72,Horror,VIP,1,1,19.72,19.72,51-65,,,0
Q4426,49,16.19,Horror,Standard,4,1,64.76,4.0475,36-50,,,0
J3002,36,23.45,Comedy,VIP,1,1,23.45,23.45,36-50,,,0
U2469,44,18.96,Horror,VIP,3,1,56.88,6.32,36-50,,,0
J0828,54,11.59,Sci-Fi,VIP,6,0,69.53999999999999,1.9316666666666666,51-65,,,0
U4513,26,13.87,Horror,Premium,1,0,13.87,13.87,18-35,,,0
X6780,58,12.17,Horror,Standard,1,1,12.17,12.17,51-65,,,0
W7337,38,21.91,Drama,Standard,1,1,21.91,21.91,36-50,,,0
Y8442,51,15.73,Drama,VIP,6,0,94.38,2.6216666666666666,51-65,,,0
V6312,23,10.33,Sci-Fi,Standard,2,0,20.66,5.165,18-35,,,0
V7701,36,17.0,Horror,Standard,6,0,102.0,2.8333333333333335,36-50,,,0
L1625,33,18.72,Sci-Fi,Standard,1,0,18.72,18.72,18-35,,,0
N2433,43,20.6,Sci-Fi,Standard,3,1,61.800000000000004,6.866666666666667,36-50,,,0
R7354,44,18.03,Comedy,Premium,1,1,18.03,18.03,36-50,,,0
K2997,34,14.95,Horror,Standard,1,0,14.95,14.95,18-35,,,0
S9901,46,11.08,Horror,VIP,3,0,33.24,3.6933333333333334,36-50,,,0
C1679,30,13.08,Horror,Premium,1,0,13.08,13.08,18-35,,,0
V6948,36,17.1,Drama,Standard,7,0,119.70000000000002,2.442857142857143,36-50,,,0
B8230,33,12.21,Horror,VIP,7,1,85.47,1.7442857142857144,18-35,,,0
X6978,54,20.85,Drama,VIP,1,0,20.85,20.85,51-65,,,0
W1683,58,21.72,Horror,Premium,1,1,21.72,21.72,51-65,,,0
D9944,26,13.34,Drama,Premium,1,0,13.34,13.34,18-35,,,0
R9239,44,20.65,Drama,Standard,2,1,41.3,10.325,36-50,,,0
L1683,60,21.4,Comedy,Standard,1,1,21.4,21.4,51-65,,,0
Q6689,32,10.66,Drama,Premium,1,1,10.66,10.66,18-35,,,0
C2441,33,17.41,Drama,Standard,1,0,17.41,17.41,18-35,,,0
R5530,26,14.78,Action,VIP,1,0,14.78,14.78,18-35,,,0
V8104,24,18.74,Sci-Fi,Premium,1,1,18.74,18.74,18-35,,,0
Y6284,31,20.43,Drama,Premium,3,0,61.29,6.81,18-35,,,0
G1121,53,21.91,Drama,Premium,1,1,21.91,21.91,51-65,,,0
I5901,38,24.92,Horror,Premium,1,1,24.92,24.92,36-50,,,0
V6954,60,17.61,Comedy,VIP,1,0,17.61,17.61,51-65,,,0
Z8779,19,14.47,Action,Standard,2,0,28.94,7.235,18-35,,,0
V4938,56,15.49,Drama,VIP,7,1,108.43,2.212857142857143,51-65,,,0
P7000,50,20.66,Drama,VIP,1,1,20.66,20.66,36-50,,,0
G7283,59,17.78,Comedy,VIP,2,1,35.56,8.89,51-65,,,0
A2805,57,10.7,Action,Standard,1,1,10.7,10.7,51-65,,,0
W8442,43,17.7,Comedy,Premium,1,0,17.7,17.7,36-50,,,0
U6318,38,15.02,Sci-Fi,VIP,1,0,15.02,15.02,36-50,,,0
L0007,54,24.88,Sci-Fi,Standard,1,1,24.88,24.88,51-65,,,0
O6843,20,14.57,Drama,Standard,1,1,14.57,14.57,18-35,,,0
O8866,23,18.7,Action,VIP,6,1,112.19999999999999,3.1166666666666667,18-35,,,0
F0953,31,22.95,Comedy,VIP,2,0,45.9,11.475,18-35,,,0
W7271,20,10.04,Comedy,VIP,7,1,70.28,1.4342857142857142,18-35,,,0
J6878,57,16.43,Horror,Standard,1,1,16.43,16.43,51-65,,,0
R6150,45,15.98,Drama,Standard,2,0,31.96,7.99,36-50,,,0
E4975,37,23.41,Sci-Fi,VIP,6,1,140.46,3.901666666666667,36-50,,,0
X2814,41,20.0,Action,VIP,5,0,100.0,4.0,36-50,,,0
R4299,39,15.57,Sci-Fi,Standard,1,0,15.57,15.57,36-50,,,0
X8783,50,11.26,Drama,Standard,4,1,45.04,2.815,36-50,,,0
X9373,24,24.21,Sci-Fi,Standard,6,0,145.26,4.035,18-35,,,0
J4860,58,16.21,Action,Standard,3,0,48.63,5.403333333333333,51-65,,,0
E1815,46,19.79,Drama,Premium,7,1,138.53,2.827142857142857,36-50,,,0
R3060,55,22.2,Comedy,VIP,1,0,22.2,22.2,51-65,,,0
Z9849,46,21.41,Action,VIP,1,1,21.41,21.41,36-50,,,0
Y3923,31,15.53,Drama,Premium,4,0,62.12,3.8825,18-35,,,0
C5867,19,15.0,Horror,Premium,7,1,105.0,2.142857142857143,18-35,,,0
E0055,41,17.59,Sci-Fi,Standard,3,1,52.769999999999996,5.863333333333333,36-50,,,0
D1937,49,13.15,Sci-Fi,VIP,6,0,78.9,2.191666666666667,36-50,,,0
P5929,42,19.87,Action,VIP,1,0,19.87,19.87,36-50,,,0
J5224,47,19.38,Action,VIP,1,1,19.38,19.38,36-50,,,0
C1874,37,17.53,Action,Standard,1,0,17.53,17.53,36-50,,,0
O7454,51,13.97,Drama,Standard,1,1,13.97,13.97,51-65,,,0
K7545,47,20.16,Sci-Fi,VIP,7,0,141.12,2.88,36-50,,,0
C6888,50,19.68,Sci-Fi,Standard,6,0,118.08,3.28,36-50,,,0
W4296,39,10.63,Action,Premium,2,1,21.26,5.315,36-50,,,0
P4369,41,10.13,Horror,VIP,4,0,40.52,2.5325,36-50,,,0
W7738,46,19.48,Action,VIP,3,0,58.44,6.493333333333333,36-50,,,0
L7697,24,15.27,Comedy,VIP,7,1,106.89,2.1814285714285715,18-35,,,0
I4912,54,17.6,Action,VIP,3,1,52.800000000000004,5.866666666666667,51-65,,,0
M4743,44,16.37,Drama,Premium,1,0,16.37,16.37,36-50,,,0
B0938,54,17.71,Action,Standard,4,0,70.84,4.4275,51-65,,,0
P6835,51,18.03,Comedy,Standard,1,0,18.03,18.03,51-65,,,0
V7658,43,17.34,Drama,Standard,1,1,17.34,17.34,36-50,,,0
R1173,46,23.4,Sci-Fi,Premium,4,0,93.6,5.85,36-50,,,0
W8632,35,14.11,Action,Standard,3,0,42.33,4.703333333333333,18-35,,,0
W8747,43,23.83,Sci-Fi,Premium,3,0,71.49,7.9433333333333325,36-50,,,0
C1677,26,23.35,Comedy,VIP,4,0,93.4,5.8375,18-35,,,0
D9009,49,15.09,Horror,Standard,1,1,15.09,15.09,36-50,,,0
C4344,53,16.3,Horror,VIP,1,1,16.3,16.3,51-65,,,0
R7418,18,20.7,Comedy,Standard,1,1,20.7,20.7,18-35,,,0
I9728,54,24.16,Sci-Fi,Premium,3,1,72.48,8.053333333333333,51-65,,,0
J8663,27,21.88,Drama,Standard,3,1,65.64,7.293333333333333,18-35,,,0
H2552,48,14.32,Horror,Standard,5,1,71.6,2.864,36-50,,,0
Q2504,22,16.49,Comedy,Standard,7,0,115.42999999999999,2.3557142857142854,18-35,,,0
F6545,20,24.17,Sci-Fi,Premium,1,1,24.17,24.17,18-35,,,0
U2289,29,17.08,Action,Standard,2,1,34.16,8.54,18-35,,,0
H0386,40,19.49,Comedy,VIP,1,0,19.49,19.49,36-50,,,0
E2511,47,10.69,Drama,Standard,1,0,10.69,10.69,36-50,,,0
W3659,47,12.08,Comedy,Premium,1,0,12.08,12.08,36-50,,,0
D9861,19,11.67,Drama,VIP,1,0,11.67,11.67,18-35,,,0
C8708,26,17.78,Drama,Premium,1,0,17.78,17.78,18-35,,,0
G3002,26,14.04,Drama,Standard,5,0,70.19999999999999,2.808,18-35,,,0
N4930,20,16.96,Horror,Standard,4,1,67.84,4.24,18-35,,,0
V8852,36,12.28,Action,VIP,2,1,24.56,6.14,36-50,,,0
W6958,28,19.41,Drama,Standard,1,1,19.41,19.41,18-35,,,0
G1778,31,21.6,Drama,Premium,4,1,86.4,5.4,18-35,,,0
A4827,47,17.28,Horror,VIP,1,0,17.28,17.28,36-50,,,0
T8730,32,12.22,Action,Premium,1,0,12.22,12.22,18-35,,,0
W7299,56,22.88,Sci-Fi,Standard,1,0,22.88,22.88,51-65,,,0
B0273,47,15.87,Horror,Standard,6,0,95.22,2.645,36-50,,,0
B0051,55,19.32,Horror,Premium,7,0,135.24,2.7600000000000002,51-65,,,0
W1342,35,16.24,Comedy,VIP,1,1,16.24,16.24,18-35,,,0
Q4942,36,20.68,Sci-Fi,VIP,1,1,20.68,20.68,36-50,,,0
I6311,43,15.63,Drama,Premium,4,0,62.52,3.9075,36-50,,,0
Z7255,26,23.41,Horror,VIP,1,0,23.41,23.41,18-35,,,0
P6904,58,21.44,Action,Standard,7,0,150.08,3.062857142857143,51-65,,,0
A2032,44,14.62,Action,VIP,1,1,14.62,14.62,36-50,,,0
O2807,53,23.59,Horror,VIP,6,1,141.54,3.9316666666666666,51-65,,,0
X5159,54,24.96,Horror,Standard,7,0,174.72,3.565714285714286,51-65,,,0
V8281,19,17.97,Action,Premium,6,1,107.82,2.9949999999999997,18-35,,,0
N5669,39,12.4,Comedy,VIP,4,0,49.6,3.1,36-50,,,0
I9740,18,20.51,Horror,Standard,5,1,102.55000000000001,4.102,18-35,,,0
X4255,47,22.6,Horror,VIP,1,0,22.6,22.6,36-50,,,0
C8377,25,10.7,Horror,Premium,1,1,10.7,10.7,18-35,,,0
Y0986,41,20.6,Action,VIP,1,0,20.6,20.6,36-50,,,0
G4351,43,21.82,Horror,Standard,1,1,21.82,21.82,36-50,,,0
W1000,28,20.73,Horror,VIP,5,1,103.65,4.146,18-35,,,0
R0449,43,24.58,Horror,Standard,1,1,24.58,24.58,36-50,,,0
X9360,38,21.73,Horror,Premium,1,0,21.73,21.73,36-50,,,0
C0196,24,18.36,Comedy,VIP,6,0,110.16,3.06,18-35,,,0
L2296,57,15.22,Horror,Standard,2,1,30.44,7.61,51-65,,,0
S3356,24,16.75,Horror,Standard,1,0,16.75,16.75,18-35,,,0
J5246,23,18.28,Sci-Fi,Premium,1,0,18.28,18.28,18-35,,,0
B7133,50,17.28,Drama,Premium,1,0,17.28,17.28,36-50,,,0
W9224,32,23.44,Action,Standard,5,1,117.2,4.688000000000001,18-35,,,0
D8615,21,10.02,Drama,Premium,1,0,10.02,10.02,18-35,,,0
O9880,60,11.64,Comedy,VIP,5,1,58.2,2.3280000000000003,51-65,,,0
O5757,57,11.9,Comedy,Standard,1,1,11.9,11.9,51-65,,,0
C7180,19,13.94,Comedy,Standard,3,1,41.82,4.6466666666666665,18-35,,,0
E0759,46,13.84,Horror,Premium,6,1,83.03999999999999,2.3066666666666666,36-50,,,0
A8268,43,23.8,Action,VIP,7,1,166.6,3.4,36-50,,,0
P0445,18,10.42,Comedy,VIP,1,0,10.42,10.42,18-35,,,0
I3647,46,10.45,Action,Premium,1,1,10.45,10.45,36-50,,,0
L4936,37,17.86,Comedy,Standard,1,0,17.86,17.86,36-50,,,0
L2439,50,15.23,Action,Premium,3,0,45.69,5.076666666666667,36-50,,,0
H7974,25,13.04,Drama,Premium,1,0,13.04,13.04,18-35,,,0
A9804,50,11.25,Comedy,Premium,1,1,11.25,11.25,36-50,,,0
S5399,42,22.78,Comedy,Premium,4,1,91.12,5.695,36-50,,,0
G1663,57,20.45,Comedy,VIP,7,0,143.15,2.9214285714285713,51-65,,,0
P3925,45,10.94,Action,Standard,2,1,21.88,5.47,36-50,,,0
K4309,45,15.68,Action,Premium,1,1,15.68,15.68,36-50,,,0
W0666,35,15.15,Horror,Standard,4,1,60.6,3.7875,18-35,,,0
I4034,38,15.37,Drama,VIP,1,0,15.37,15.37,36-50,,,0
O5114,54,21.88,Comedy,Premium,2,1,43.76,10.94,51-65,,,0
Y2384,25,16.56,Sci-Fi,VIP,1,0,16.56,16.56,18-35,,,0
W1383,23,14.47,Sci-Fi,Premium,4,1,57.88,3.6175,18-35,,,0
R3873,49,24.95,Horror,Premium,4,0,99.8,6.2375,36-50,,,0
G5641,27,18.76,Comedy,VIP,1,0,18.76,18.76,18-35,,,0
Y4995,27,16.01,Action,Standard,1,0,16.01,16.01,18-35,,,0
H9993,33,19.14,Sci-Fi,Standard,1,1,19.14,19.14,18-35,,,0
U3222,39,13.32,Drama,Standard,1,0,13.32,13.32,36-50,,,0
X2942,51,12.3,Drama,Standard,1,0,12.3,12.3,51-65,,,0
N8303,56,10.08,Action,Standard,2,1,20.16,5.04,51-65,,,0
V4268,34,12.34,Comedy,Premium,1,1,12.34,12.34,18-35,,,0
B5435,35,11.04,Horror,Premium,2,0,22.08,5.52,18-35,,,0
A7151,57,10.63,Comedy,Standard,2,0,21.26,5.315,51-65,,,0
O4626,47,11.55,Sci-Fi,Standard,5,1,57.75,2.31,36-50,,,0
I0739,56,18.3,Drama,VIP,1,1,18.3,18.3,51-65,,,0
E0474,32,11.1,Action,VIP,1,1,11.1,11.1,18-35,,,0
W8226,34,17.46,Action,Premium,7,1,122.22,2.494285714285714,18-35,,,0
E9333,37,11.4,Sci-Fi,VIP,6,0,68.4,1.9000000000000001,36-50,,,0
X4653,27,15.26,Action,Standard,6,0,91.56,2.5433333333333334,18-35,,,0
S8984,57,19.98,Action,VIP,4,0,79.92,4.995,51-65,,,0
I9302,30,23.86,Comedy,VIP,1,0,23.86,23.86,18-35,,,0
L8279,39,11.14,Horror,Standard,1,1,11.14,11.14,36-50,,,0
B5911,47,11.33,Action,Premium,1,1,11.33,11.33,36-50,,,0
Z4276,36,24.49,Comedy,Premium,2,1,48.98,12.245,36-50,,,0
N9811,19,12.91,Sci-Fi,Premium,1,0,12.91,12.91,18-35,,,0
Y9710,48,16.87,Action,Standard,3,1,50.61,5.623333333333334,36-50,,,0
U9924,29,12.6,Drama,VIP,1,1,12.6,12.6,18-35,,,0
T4015,29,11.16,Comedy,Premium,3,0,33.480000000000004,3.72,18-35,,,0
L0126,31,22.92,Drama,Premium,1,1,22.92,22.92,18-35,,,0
M4230,59,24.23,Horror,Standard,1,0,24.23,24.23,51-65,,,0
R9228,23,11.16,Comedy,VIP,7,0,78.12,1.5942857142857143,18-35,,,0
R0528,53,20.83,Action,Premium,7,0,145.81,2.9757142857142855,51-65,,,0
K3640,32,10.22,Action,VIP,6,1,61.32000000000001,1.7033333333333334,18-35,,,0
J7406,23,21.48,Drama,Premium,5,1,107.4,4.296,18-35,,,0
I6312,30,18.39,Comedy,VIP,1,0,18.39,18.39,18-35,,,0
M0786,30,12.59,Comedy,VIP,2,0,25.18,6.295,18-35,,,0
B8174,50,12.82,Comedy,Standard,2,0,25.64,6.41,36-50,,,0
M9099,40,18.23,Action,Standard,6,1,109.38,3.0383333333333336,36-50,,,0
G9299,47,10.98,Drama,Premium,4,1,43.92,2.745,36-50,,,0
P2457,23,20.45,Action,Standard,1,0,20.45,20.45,18-35,,,0
A2476,29,10.76,Comedy,Premium,3,1,32.28,3.5866666666666664,18-35,,,0
H9796,34,16.12,Drama,Premium,1,0,16.12,16.12,18-35,,,0
H8721,47,12.38,Action,Standard,1,0,12.38,12.38,36-50,,,0
W4290,48,17.96,Action,Premium,4,0,71.84,4.49,36-50,,,0
Q1228,24,18.83,Horror,Premium,6,1,112.97999999999999,3.138333333333333,18-35,,,0
P9632,54,16.25,Comedy,Premium,1,1,16.25,16.25,51-65,,,0
R9199,50,18.52,Sci-Fi,VIP,1,1,18.52,18.52,36-50,,,0
M1442,42,21.16,Drama,VIP,5,1,105.8,4.232,36-50,,,0
P6033,25,13.24,Comedy,Standard,7,0,92.68,1.8914285714285715,18-35,,,0
D7534,60,16.33,Sci-Fi,Premium,1,1,16.33,16.33,51-65,,,0
N7743,38,24.21,Sci-Fi,Standard,1,1,24.21,24.21,36-50,,,0
S8480,31,19.03,Comedy,VIP,1,0,19.03,19.03,18-35,,,0
V0327,19,16.02,Sci-Fi,Premium,1,1,16.02,16.02,18-35,,,0
Y7065,37,14.91,Horror,Premium,1,1,14.91,14.91,36-50,,,0
I9961,41,22.48,Sci-Fi,Standard,1,0,22.48,22.48,36-50,,,0
P4816,32,19.23,Drama,Premium,2,0,38.46,9.615,18-35,,,0
Q9931,29,14.6,Action,VIP,5,0,73.0,2.92,18-35,,,0
A3974,58,12.04,Action,Standard,1,1,12.04,12.04,51-65,,,0
P4007,47,23.12,Action,Premium,6,0,138.72,3.8533333333333335,36-50,,,0
B1567,21,10.41,Comedy,VIP,5,1,52.05,2.082,18-35,,,0
E5406,41,17.09,Sci-Fi,Standard,2,1,34.18,8.545,36-50,,,0
C4357,19,11.45,Action,Standard,1,0,11.45,11.45,18-35,,,0
R7285,53,17.13,Comedy,Premium,1,1,17.13,17.13,51-65,,,0
W6360,34,20.25,Comedy,Premium,2,1,40.5,10.125,18-35,,,0
Z8034,60,21.9,Action,VIP,1,0,21.9,21.9,51-65,,,0
